{
  "arms": [
    {
      "arm_id": "original_dense_tensor",
      "compile_and_first_call_seconds": 9.846006689127535,
      "finite": true,
      "jit_compile": false,
      "output_devices": [
        "/job:localhost/replica:0/task:0/device:GPU:0",
        "/job:localhost/replica:0/task:0/device:GPU:0"
      ],
      "score": [
        [
          -0.6636869311332703,
          -3.830040693283081,
          -5.9304094314575195
        ]
      ],
      "score_preview": [
        -0.6636869311332703,
        -3.830040693283081,
        -5.9304094314575195
      ],
      "value": [
        3.915034770965576
      ],
      "value_preview": [
        3.915034770965576
      ],
      "warm_call_median_seconds": 0.15298946318216622,
      "warm_call_timings_seconds": [
        0.15298946318216622
      ]
    },
    {
      "arm_id": "streaming_dense_tensor",
      "compile_and_first_call_seconds": 4.257714560022578,
      "finite": true,
      "jit_compile": false,
      "output_devices": [
        "/job:localhost/replica:0/task:0/device:GPU:0",
        "/job:localhost/replica:0/task:0/device:GPU:0"
      ],
      "score": [
        [
          -0.6636869311332703,
          -3.830040454864502,
          -5.9304094314575195
        ]
      ],
      "score_preview": [
        -0.6636869311332703,
        -3.830040454864502,
        -5.9304094314575195
      ],
      "value": [
        3.915034770965576
      ],
      "value_preview": [
        3.915034770965576
      ],
      "warm_call_median_seconds": 0.30176556296646595,
      "warm_call_timings_seconds": [
        0.30176556296646595
      ]
    },
    {
      "arm_id": "streaming_streaming_tensor",
      "compile_and_first_call_seconds": 9.51811704877764,
      "finite": true,
      "jit_compile": false,
      "output_devices": [
        "/job:localhost/replica:0/task:0/device:GPU:0",
        "/job:localhost/replica:0/task:0/device:GPU:0"
      ],
      "score": [
        [
          -0.6636869311332703,
          -3.8300399780273438,
          -5.930408954620361
        ]
      ],
      "score_preview": [
        -0.6636869311332703,
        -3.8300399780273438,
        -5.930408954620361
      ],
      "value": [
        3.9150350093841553
      ],
      "value_preview": [
        3.9150350093841553
      ],
      "warm_call_median_seconds": 0.3985049379989505,
      "warm_call_timings_seconds": [
        0.3985049379989505
      ]
    },
    {
      "arm_id": "streaming_streaming_equivalent_callback",
      "compile_and_first_call_seconds": 8.660294187022373,
      "finite": true,
      "jit_compile": false,
      "output_devices": [
        "/job:localhost/replica:0/task:0/device:GPU:0",
        "/job:localhost/replica:0/task:0/device:GPU:0"
      ],
      "score": [
        [
          -0.6636869311332703,
          -3.8300399780273438,
          -5.930408954620361
        ]
      ],
      "score_preview": [
        -0.6636869311332703,
        -3.8300399780273438,
        -5.930408954620361
      ],
      "value": [
        3.9150350093841553
      ],
      "value_preview": [
        3.9150350093841553
      ],
      "warm_call_median_seconds": 0.40709379501640797,
      "warm_call_timings_seconds": [
        0.40709379501640797
      ]
    }
  ],
  "comparisons": [
    {
      "arm_id": "streaming_dense_tensor",
      "score_drift_vs_reference": {
        "max_abs": 2.384185791015625e-07,
        "max_relative_to_max1_abs_reference": 6.224962035512786e-08,
        "rms_abs": 1.3765103082409519e-07,
        "shape": [
          1,
          3
        ]
      },
      "score_geometry_vs_reference": {
        "candidate_l2_norm": 7.090800113751344,
        "cosine_similarity": 0.9999999999999996,
        "norm_ratio_candidate_to_reference": 0.9999999818384474,
        "reference_l2_norm": 7.0908002425312855
      },
      "value_drift_vs_reference": {
        "max_abs": 0.0,
        "max_relative_to_max1_abs_reference": 0.0,
        "rms_abs": 0.0,
        "shape": [
          1
        ]
      }
    },
    {
      "arm_id": "streaming_streaming_tensor",
      "score_drift_vs_reference": {
        "max_abs": 7.152557373046875e-07,
        "max_relative_to_max1_abs_reference": 1.8674886106538358e-07,
        "rms_abs": 4.963078497567493e-07,
        "shape": [
          1,
          3
        ]
      },
      "score_geometry_vs_reference": {
        "candidate_l2_norm": 7.09079945738745,
        "cosine_similarity": 0.9999999999999988,
        "norm_ratio_candidate_to_reference": 0.9999998892728876,
        "reference_l2_norm": 7.0908002425312855
      },
      "value_drift_vs_reference": {
        "max_abs": 2.384185791015625e-07,
        "max_relative_to_max1_abs_reference": 6.089820219981358e-08,
        "rms_abs": 2.384185791015625e-07,
        "shape": [
          1
        ]
      }
    },
    {
      "arm_id": "streaming_streaming_equivalent_callback",
      "score_drift_vs_reference": {
        "max_abs": 7.152557373046875e-07,
        "max_relative_to_max1_abs_reference": 1.8674886106538358e-07,
        "rms_abs": 4.963078497567493e-07,
        "shape": [
          1,
          3
        ]
      },
      "score_geometry_vs_reference": {
        "candidate_l2_norm": 7.09079945738745,
        "cosine_similarity": 0.9999999999999988,
        "norm_ratio_candidate_to_reference": 0.9999998892728876,
        "reference_l2_norm": 7.0908002425312855
      },
      "value_drift_vs_reference": {
        "max_abs": 2.384185791015625e-07,
        "max_relative_to_max1_abs_reference": 6.089820219981358e-08,
        "rms_abs": 2.384185791015625e-07,
        "shape": [
          1
        ]
      }
    }
  ],
  "cuda_visible_devices": "0",
  "device": "/GPU:0",
  "device_scope": "visible",
  "expect_device_kind": "gpu",
  "finite_all": true,
  "host": "ubuntu-MZ72-HB2-00",
  "jit_compile": false,
  "logical_gpus": [
    "LogicalDevice(name='/device:GPU:0', device_type='GPU')"
  ],
  "nonclaims": [
    "focused deterministic gradient-structure diagnostic only",
    "dense arm is a small-reference oracle, not a scalable implementation",
    "no HMC convergence or energy-conservation claim",
    "no posterior validity claim",
    "single fixture and single seed only"
  ],
  "overall_passed": true,
  "physical_gpus": [
    "PhysicalDevice(name='/physical_device:GPU:0', device_type='GPU')"
  ],
  "precision": {
    "dtype": "float32",
    "tf32_execution_enabled": false,
    "tf32_mode": "disabled",
    "tf_dtype": "float32"
  },
  "python_version": "3.13.13",
  "reference_arm": "original_dense_tensor",
  "shape": {
    "batch_size": 1,
    "num_particles": 32,
    "obs_dim": 4,
    "parameter_dim": 3,
    "state_dim": 4,
    "time_steps": 5
  },
  "structure_passed": true,
  "tensorflow_version": "2.20.0",
  "timestamp_utc": "2026-06-15T16:48:03.251196+00:00",
  "tolerances": {
    "structure_score_atol": 1e-05,
    "structure_score_rtol": 1e-05,
    "structure_value_atol": 1e-06,
    "structure_value_rtol": 1e-06
  },
  "transport": {
    "annealed_convergence_threshold": 0.001,
    "annealed_scaling": 0.9,
    "col_chunk_size": 16,
    "particle_chunk_size": 16,
    "policy": "active-odd",
    "row_chunk_size": 16,
    "sinkhorn_epsilon": 0.5,
    "sinkhorn_iterations": 3
  }
}
