{
  "arms": [
    {
      "arm_id": "original_dense_tensor",
      "compile_and_first_call_seconds": 9.879038404906169,
      "finite": true,
      "jit_compile": false,
      "output_devices": [
        "/job:localhost/replica:0/task:0/device:GPU:0",
        "/job:localhost/replica:0/task:0/device:GPU:0"
      ],
      "score": [
        [
          -0.4931478995642254,
          -3.86027850315404,
          -5.945593256350139
        ]
      ],
      "score_preview": [
        -0.4931478995642254,
        -3.86027850315404,
        -5.945593256350139
      ],
      "value": [
        3.9642368104422068
      ],
      "value_preview": [
        3.9642368104422068
      ],
      "warm_call_median_seconds": 0.20086529292166233,
      "warm_call_timings_seconds": [
        0.20086529292166233
      ]
    },
    {
      "arm_id": "streaming_dense_tensor",
      "compile_and_first_call_seconds": 4.477550207870081,
      "finite": true,
      "jit_compile": false,
      "output_devices": [
        "/job:localhost/replica:0/task:0/device:GPU:0",
        "/job:localhost/replica:0/task:0/device:GPU:0"
      ],
      "score": [
        [
          -0.49314789956422544,
          -3.8602785031540408,
          -5.945593256350138
        ]
      ],
      "score_preview": [
        -0.49314789956422544,
        -3.8602785031540408,
        -5.945593256350138
      ],
      "value": [
        3.9642368104422063
      ],
      "value_preview": [
        3.9642368104422063
      ],
      "warm_call_median_seconds": 0.38379049696959555,
      "warm_call_timings_seconds": [
        0.38379049696959555
      ]
    },
    {
      "arm_id": "streaming_streaming_tensor",
      "compile_and_first_call_seconds": 9.837386189959943,
      "finite": true,
      "jit_compile": false,
      "output_devices": [
        "/job:localhost/replica:0/task:0/device:GPU:0",
        "/job:localhost/replica:0/task:0/device:GPU:0"
      ],
      "score": [
        [
          -0.49314789956422544,
          -3.8602785031540403,
          -5.945593256350138
        ]
      ],
      "score_preview": [
        -0.49314789956422544,
        -3.8602785031540403,
        -5.945593256350138
      ],
      "value": [
        3.9642368104422063
      ],
      "value_preview": [
        3.9642368104422063
      ],
      "warm_call_median_seconds": 0.4790311991237104,
      "warm_call_timings_seconds": [
        0.4790311991237104
      ]
    },
    {
      "arm_id": "streaming_streaming_equivalent_callback",
      "compile_and_first_call_seconds": 9.017965310020372,
      "finite": true,
      "jit_compile": false,
      "output_devices": [
        "/job:localhost/replica:0/task:0/device:GPU:0",
        "/job:localhost/replica:0/task:0/device:GPU:0"
      ],
      "score": [
        [
          -0.49314789956422544,
          -3.8602785031540403,
          -5.945593256350138
        ]
      ],
      "score_preview": [
        -0.49314789956422544,
        -3.8602785031540403,
        -5.945593256350138
      ],
      "value": [
        3.9642368104422063
      ],
      "value_preview": [
        3.9642368104422063
      ],
      "warm_call_median_seconds": 0.48332731099799275,
      "warm_call_timings_seconds": [
        0.48332731099799275
      ]
    }
  ],
  "comparisons": [
    {
      "arm_id": "streaming_dense_tensor",
      "score_drift_vs_reference": {
        "max_abs": 8.881784197001252e-16,
        "max_relative_to_max1_abs_reference": 2.3008143556855786e-16,
        "rms_abs": 7.259024953699689e-16,
        "shape": [
          1,
          3
        ]
      },
      "score_geometry_vs_reference": {
        "candidate_l2_norm": 7.105985093054589,
        "cosine_similarity": 1.0000000000000002,
        "norm_ratio_candidate_to_reference": 0.9999999999999999,
        "reference_l2_norm": 7.10598509305459
      },
      "value_drift_vs_reference": {
        "max_abs": 4.440892098500626e-16,
        "max_relative_to_max1_abs_reference": 1.120238853239761e-16,
        "rms_abs": 4.440892098500626e-16,
        "shape": [
          1
        ]
      }
    },
    {
      "arm_id": "streaming_streaming_tensor",
      "score_drift_vs_reference": {
        "max_abs": 8.881784197001252e-16,
        "max_relative_to_max1_abs_reference": 1.4938432237212225e-16,
        "rms_abs": 5.74211813252823e-16,
        "shape": [
          1,
          3
        ]
      },
      "score_geometry_vs_reference": {
        "candidate_l2_norm": 7.105985093054589,
        "cosine_similarity": 1.0000000000000002,
        "norm_ratio_candidate_to_reference": 0.9999999999999999,
        "reference_l2_norm": 7.10598509305459
      },
      "value_drift_vs_reference": {
        "max_abs": 4.440892098500626e-16,
        "max_relative_to_max1_abs_reference": 1.120238853239761e-16,
        "rms_abs": 4.440892098500626e-16,
        "shape": [
          1
        ]
      }
    },
    {
      "arm_id": "streaming_streaming_equivalent_callback",
      "score_drift_vs_reference": {
        "max_abs": 8.881784197001252e-16,
        "max_relative_to_max1_abs_reference": 1.4938432237212225e-16,
        "rms_abs": 5.74211813252823e-16,
        "shape": [
          1,
          3
        ]
      },
      "score_geometry_vs_reference": {
        "candidate_l2_norm": 7.105985093054589,
        "cosine_similarity": 1.0000000000000002,
        "norm_ratio_candidate_to_reference": 0.9999999999999999,
        "reference_l2_norm": 7.10598509305459
      },
      "value_drift_vs_reference": {
        "max_abs": 4.440892098500626e-16,
        "max_relative_to_max1_abs_reference": 1.120238853239761e-16,
        "rms_abs": 4.440892098500626e-16,
        "shape": [
          1
        ]
      }
    }
  ],
  "cuda_visible_devices": "0",
  "device": "/GPU:0",
  "device_scope": "visible",
  "expect_device_kind": "gpu",
  "finite_all": true,
  "host": "ubuntu-MZ72-HB2-00",
  "jit_compile": false,
  "logical_gpus": [
    "LogicalDevice(name='/device:GPU:0', device_type='GPU')"
  ],
  "nonclaims": [
    "focused deterministic gradient-structure diagnostic only",
    "dense arm is a small-reference oracle, not a scalable implementation",
    "no HMC convergence or energy-conservation claim",
    "no posterior validity claim",
    "single fixture and single seed only"
  ],
  "overall_passed": true,
  "physical_gpus": [
    "PhysicalDevice(name='/physical_device:GPU:0', device_type='GPU')"
  ],
  "precision": {
    "dtype": "float64",
    "tf32_execution_enabled": false,
    "tf32_mode": "disabled",
    "tf_dtype": "float64"
  },
  "python_version": "3.13.13",
  "reference_arm": "original_dense_tensor",
  "shape": {
    "batch_size": 1,
    "num_particles": 32,
    "obs_dim": 4,
    "parameter_dim": 3,
    "state_dim": 4,
    "time_steps": 5
  },
  "structure_passed": true,
  "tensorflow_version": "2.20.0",
  "timestamp_utc": "2026-06-15T16:49:19.768798+00:00",
  "tolerances": {
    "structure_score_atol": 1e-05,
    "structure_score_rtol": 1e-05,
    "structure_value_atol": 1e-06,
    "structure_value_rtol": 1e-06
  },
  "transport": {
    "annealed_convergence_threshold": 0.001,
    "annealed_scaling": 0.9,
    "col_chunk_size": 16,
    "particle_chunk_size": 16,
    "policy": "active-odd",
    "row_chunk_size": 16,
    "sinkhorn_epsilon": 0.5,
    "sinkhorn_iterations": 3
  }
}
