{
  "arms": [
    {
      "arm_id": "original_dense_tensor",
      "compile_and_first_call_seconds": 9.767271446064115,
      "finite": true,
      "jit_compile": false,
      "output_devices": [
        "/job:localhost/replica:0/task:0/device:GPU:0",
        "/job:localhost/replica:0/task:0/device:GPU:0"
      ],
      "score": [
        [
          -0.49314796924591064,
          -3.860279083251953,
          -5.945592880249023
        ]
      ],
      "score_preview": [
        -0.49314796924591064,
        -3.860279083251953,
        -5.945592880249023
      ],
      "value": [
        3.964237928390503
      ],
      "value_preview": [
        3.964237928390503
      ],
      "warm_call_median_seconds": 0.1415164959616959,
      "warm_call_timings_seconds": [
        0.1415164959616959
      ]
    },
    {
      "arm_id": "streaming_dense_tensor",
      "compile_and_first_call_seconds": 4.57143699307926,
      "finite": true,
      "jit_compile": false,
      "output_devices": [
        "/job:localhost/replica:0/task:0/device:GPU:0",
        "/job:localhost/replica:0/task:0/device:GPU:0"
      ],
      "score": [
        [
          -0.49314793944358826,
          -3.860278844833374,
          -5.945592880249023
        ]
      ],
      "score_preview": [
        -0.49314793944358826,
        -3.860278844833374,
        -5.945592880249023
      ],
      "value": [
        3.964237928390503
      ],
      "value_preview": [
        3.964237928390503
      ],
      "warm_call_median_seconds": 0.2904406990855932,
      "warm_call_timings_seconds": [
        0.2904406990855932
      ]
    },
    {
      "arm_id": "streaming_streaming_tensor",
      "compile_and_first_call_seconds": 9.883042715024203,
      "finite": true,
      "jit_compile": false,
      "output_devices": [
        "/job:localhost/replica:0/task:0/device:GPU:0",
        "/job:localhost/replica:0/task:0/device:GPU:0"
      ],
      "score": [
        [
          -0.49314790964126587,
          -3.860278844833374,
          -5.945593357086182
        ]
      ],
      "score_preview": [
        -0.49314790964126587,
        -3.860278844833374,
        -5.945593357086182
      ],
      "value": [
        3.964237928390503
      ],
      "value_preview": [
        3.964237928390503
      ],
      "warm_call_median_seconds": 0.3771569929085672,
      "warm_call_timings_seconds": [
        0.3771569929085672
      ]
    },
    {
      "arm_id": "streaming_streaming_equivalent_callback",
      "compile_and_first_call_seconds": 8.897729543969035,
      "finite": true,
      "jit_compile": false,
      "output_devices": [
        "/job:localhost/replica:0/task:0/device:GPU:0",
        "/job:localhost/replica:0/task:0/device:GPU:0"
      ],
      "score": [
        [
          -0.49314790964126587,
          -3.860278844833374,
          -5.945593357086182
        ]
      ],
      "score_preview": [
        -0.49314790964126587,
        -3.860278844833374,
        -5.945593357086182
      ],
      "value": [
        3.964237928390503
      ],
      "value_preview": [
        3.964237928390503
      ],
      "warm_call_median_seconds": 0.3700597840361297,
      "warm_call_timings_seconds": [
        0.3700597840361297
      ]
    }
  ],
  "comparisons": [
    {
      "arm_id": "streaming_dense_tensor",
      "score_drift_vs_reference": {
        "max_abs": 2.384185791015625e-07,
        "max_relative_to_max1_abs_reference": 6.176200579278205e-08,
        "rms_abs": 1.387222612278555e-07,
        "shape": [
          1,
          3
        ]
      },
      "score_geometry_vs_reference": {
        "candidate_l2_norm": 7.105984966752563,
        "cosine_similarity": 0.9999999999999997,
        "norm_ratio_candidate_to_reference": 0.9999999814821519,
        "reference_l2_norm": 7.105985098340116
      },
      "value_drift_vs_reference": {
        "max_abs": 0.0,
        "max_relative_to_max1_abs_reference": 0.0,
        "rms_abs": 0.0,
        "shape": [
          1
        ]
      }
    },
    {
      "arm_id": "streaming_streaming_tensor",
      "score_drift_vs_reference": {
        "max_abs": 4.76837158203125e-07,
        "max_relative_to_max1_abs_reference": 8.020010246365091e-08,
        "rms_abs": 3.097148193542142e-07,
        "shape": [
          1,
          3
        ]
      },
      "score_geometry_vs_reference": {
        "candidate_l2_norm": 7.105985363654992,
        "cosine_similarity": 0.9999999999999979,
        "norm_ratio_candidate_to_reference": 1.0000000373368185,
        "reference_l2_norm": 7.105985098340116
      },
      "value_drift_vs_reference": {
        "max_abs": 0.0,
        "max_relative_to_max1_abs_reference": 0.0,
        "rms_abs": 0.0,
        "shape": [
          1
        ]
      }
    },
    {
      "arm_id": "streaming_streaming_equivalent_callback",
      "score_drift_vs_reference": {
        "max_abs": 4.76837158203125e-07,
        "max_relative_to_max1_abs_reference": 8.020010246365091e-08,
        "rms_abs": 3.097148193542142e-07,
        "shape": [
          1,
          3
        ]
      },
      "score_geometry_vs_reference": {
        "candidate_l2_norm": 7.105985363654992,
        "cosine_similarity": 0.9999999999999979,
        "norm_ratio_candidate_to_reference": 1.0000000373368185,
        "reference_l2_norm": 7.105985098340116
      },
      "value_drift_vs_reference": {
        "max_abs": 0.0,
        "max_relative_to_max1_abs_reference": 0.0,
        "rms_abs": 0.0,
        "shape": [
          1
        ]
      }
    }
  ],
  "cuda_visible_devices": "0",
  "device": "/GPU:0",
  "device_scope": "visible",
  "expect_device_kind": "gpu",
  "finite_all": true,
  "host": "ubuntu-MZ72-HB2-00",
  "jit_compile": false,
  "logical_gpus": [
    "LogicalDevice(name='/device:GPU:0', device_type='GPU')"
  ],
  "nonclaims": [
    "focused deterministic gradient-structure diagnostic only",
    "dense arm is a small-reference oracle, not a scalable implementation",
    "no HMC convergence or energy-conservation claim",
    "no posterior validity claim",
    "single fixture and single seed only"
  ],
  "overall_passed": true,
  "physical_gpus": [
    "PhysicalDevice(name='/physical_device:GPU:0', device_type='GPU')"
  ],
  "precision": {
    "dtype": "float32",
    "tf32_execution_enabled": false,
    "tf32_mode": "disabled",
    "tf_dtype": "float32"
  },
  "python_version": "3.13.13",
  "reference_arm": "original_dense_tensor",
  "shape": {
    "batch_size": 1,
    "num_particles": 32,
    "obs_dim": 4,
    "parameter_dim": 3,
    "state_dim": 4,
    "time_steps": 5
  },
  "structure_passed": true,
  "tensorflow_version": "2.20.0",
  "timestamp_utc": "2026-06-15T16:49:57.792370+00:00",
  "tolerances": {
    "structure_score_atol": 1e-05,
    "structure_score_rtol": 1e-05,
    "structure_value_atol": 1e-06,
    "structure_value_rtol": 1e-06
  },
  "transport": {
    "annealed_convergence_threshold": 0.001,
    "annealed_scaling": 0.9,
    "col_chunk_size": 16,
    "particle_chunk_size": 16,
    "policy": "active-odd",
    "row_chunk_size": 16,
    "sinkhorn_epsilon": 0.5,
    "sinkhorn_iterations": 3
  }
}
