{
  "arms": [
    {
      "arm_id": "original_dense_tensor",
      "compile_and_first_call_seconds": 9.972979783080518,
      "finite": true,
      "jit_compile": false,
      "output_devices": [
        "/job:localhost/replica:0/task:0/device:GPU:0",
        "/job:localhost/replica:0/task:0/device:GPU:0"
      ],
      "score": [
        [
          -0.5821316242218018,
          -3.855018377304077,
          -5.945376396179199
        ]
      ],
      "score_preview": [
        -0.5821316242218018,
        -3.855018377304077,
        -5.945376396179199
      ],
      "value": [
        3.9590060710906982
      ],
      "value_preview": [
        3.9590060710906982
      ],
      "warm_call_median_seconds": 0.15131989889778197,
      "warm_call_timings_seconds": [
        0.15131989889778197
      ]
    },
    {
      "arm_id": "streaming_dense_tensor",
      "compile_and_first_call_seconds": 4.365554630989209,
      "finite": true,
      "jit_compile": false,
      "output_devices": [
        "/job:localhost/replica:0/task:0/device:GPU:0",
        "/job:localhost/replica:0/task:0/device:GPU:0"
      ],
      "score": [
        [
          -0.5821316242218018,
          -3.855018377304077,
          -5.945375442504883
        ]
      ],
      "score_preview": [
        -0.5821316242218018,
        -3.855018377304077,
        -5.945375442504883
      ],
      "value": [
        3.9590060710906982
      ],
      "value_preview": [
        3.9590060710906982
      ],
      "warm_call_median_seconds": 0.3010215740650892,
      "warm_call_timings_seconds": [
        0.3010215740650892
      ]
    },
    {
      "arm_id": "streaming_streaming_tensor",
      "compile_and_first_call_seconds": 9.75334469997324,
      "finite": true,
      "jit_compile": false,
      "output_devices": [
        "/job:localhost/replica:0/task:0/device:GPU:0",
        "/job:localhost/replica:0/task:0/device:GPU:0"
      ],
      "score": [
        [
          -0.5821316242218018,
          -3.8550186157226562,
          -5.945375919342041
        ]
      ],
      "score_preview": [
        -0.5821316242218018,
        -3.8550186157226562,
        -5.945375919342041
      ],
      "value": [
        3.9590060710906982
      ],
      "value_preview": [
        3.9590060710906982
      ],
      "warm_call_median_seconds": 0.40731209400109947,
      "warm_call_timings_seconds": [
        0.40731209400109947
      ]
    },
    {
      "arm_id": "streaming_streaming_equivalent_callback",
      "compile_and_first_call_seconds": 8.933898491086438,
      "finite": true,
      "jit_compile": false,
      "output_devices": [
        "/job:localhost/replica:0/task:0/device:GPU:0",
        "/job:localhost/replica:0/task:0/device:GPU:0"
      ],
      "score": [
        [
          -0.5821316242218018,
          -3.8550186157226562,
          -5.945375919342041
        ]
      ],
      "score_preview": [
        -0.5821316242218018,
        -3.8550186157226562,
        -5.945375919342041
      ],
      "value": [
        3.9590060710906982
      ],
      "value_preview": [
        3.9590060710906982
      ],
      "warm_call_median_seconds": 0.4358299809973687,
      "warm_call_timings_seconds": [
        0.4358299809973687
      ]
    }
  ],
  "comparisons": [
    {
      "arm_id": "streaming_dense_tensor",
      "score_drift_vs_reference": {
        "max_abs": 9.5367431640625e-07,
        "max_relative_to_max1_abs_reference": 1.6040604544720324e-07,
        "rms_abs": 5.506041232963807e-07,
        "shape": [
          1,
          3
        ]
      },
      "score_geometry_vs_reference": {
        "candidate_l2_norm": 7.109678830271548,
        "cosine_similarity": 0.9999999999999972,
        "norm_ratio_candidate_to_reference": 0.9999998878293159,
        "reference_l2_norm": 7.109679627769175
      },
      "value_drift_vs_reference": {
        "max_abs": 0.0,
        "max_relative_to_max1_abs_reference": 0.0,
        "rms_abs": 0.0,
        "shape": [
          1
        ]
      }
    },
    {
      "arm_id": "streaming_streaming_tensor",
      "score_drift_vs_reference": {
        "max_abs": 4.76837158203125e-07,
        "max_relative_to_max1_abs_reference": 8.020302272360162e-08,
        "rms_abs": 3.0779706209559574e-07,
        "shape": [
          1,
          3
        ]
      },
      "score_geometry_vs_reference": {
        "candidate_l2_norm": 7.109679358295954,
        "cosine_similarity": 0.9999999999999979,
        "norm_ratio_candidate_to_reference": 0.9999999620976984,
        "reference_l2_norm": 7.109679627769175
      },
      "value_drift_vs_reference": {
        "max_abs": 0.0,
        "max_relative_to_max1_abs_reference": 0.0,
        "rms_abs": 0.0,
        "shape": [
          1
        ]
      }
    },
    {
      "arm_id": "streaming_streaming_equivalent_callback",
      "score_drift_vs_reference": {
        "max_abs": 4.76837158203125e-07,
        "max_relative_to_max1_abs_reference": 8.020302272360162e-08,
        "rms_abs": 3.0779706209559574e-07,
        "shape": [
          1,
          3
        ]
      },
      "score_geometry_vs_reference": {
        "candidate_l2_norm": 7.109679358295954,
        "cosine_similarity": 0.9999999999999979,
        "norm_ratio_candidate_to_reference": 0.9999999620976984,
        "reference_l2_norm": 7.109679627769175
      },
      "value_drift_vs_reference": {
        "max_abs": 0.0,
        "max_relative_to_max1_abs_reference": 0.0,
        "rms_abs": 0.0,
        "shape": [
          1
        ]
      }
    }
  ],
  "cuda_visible_devices": "0",
  "device": "/GPU:0",
  "device_scope": "visible",
  "expect_device_kind": "gpu",
  "finite_all": true,
  "host": "ubuntu-MZ72-HB2-00",
  "jit_compile": false,
  "logical_gpus": [
    "LogicalDevice(name='/device:GPU:0', device_type='GPU')"
  ],
  "nonclaims": [
    "focused deterministic gradient-structure diagnostic only",
    "dense arm is a small-reference oracle, not a scalable implementation",
    "no HMC convergence or energy-conservation claim",
    "no posterior validity claim",
    "single fixture and single seed only"
  ],
  "overall_passed": true,
  "physical_gpus": [
    "PhysicalDevice(name='/physical_device:GPU:0', device_type='GPU')"
  ],
  "precision": {
    "dtype": "float32",
    "tf32_execution_enabled": false,
    "tf32_mode": "disabled",
    "tf_dtype": "float32"
  },
  "python_version": "3.13.13",
  "reference_arm": "original_dense_tensor",
  "shape": {
    "batch_size": 1,
    "num_particles": 32,
    "obs_dim": 4,
    "parameter_dim": 3,
    "state_dim": 4,
    "time_steps": 5
  },
  "structure_passed": true,
  "tensorflow_version": "2.20.0",
  "timestamp_utc": "2026-06-15T16:51:53.913065+00:00",
  "tolerances": {
    "structure_score_atol": 1e-05,
    "structure_score_rtol": 1e-05,
    "structure_value_atol": 1e-06,
    "structure_value_rtol": 1e-06
  },
  "transport": {
    "annealed_convergence_threshold": 0.001,
    "annealed_scaling": 0.9,
    "col_chunk_size": 16,
    "particle_chunk_size": 16,
    "policy": "active-odd",
    "row_chunk_size": 16,
    "sinkhorn_epsilon": 0.5,
    "sinkhorn_iterations": 3
  }
}
