{
  "arms": [
    {
      "arm_id": "original_dense_tensor",
      "compile_and_first_call_seconds": 9.770751931937411,
      "finite": true,
      "jit_compile": false,
      "output_devices": [
        "/job:localhost/replica:0/task:0/device:GPU:0",
        "/job:localhost/replica:0/task:0/device:GPU:0"
      ],
      "score": [
        [
          -0.5822068452835083,
          -3.8512072563171387,
          -5.945402145385742
        ]
      ],
      "score_preview": [
        -0.5822068452835083,
        -3.8512072563171387,
        -5.945402145385742
      ],
      "value": [
        3.959195137023926
      ],
      "value_preview": [
        3.959195137023926
      ],
      "warm_call_median_seconds": 0.15575696201995015,
      "warm_call_timings_seconds": [
        0.15575696201995015
      ]
    },
    {
      "arm_id": "streaming_dense_tensor",
      "compile_and_first_call_seconds": 4.342182721011341,
      "finite": true,
      "jit_compile": false,
      "output_devices": [
        "/job:localhost/replica:0/task:0/device:GPU:0",
        "/job:localhost/replica:0/task:0/device:GPU:0"
      ],
      "score": [
        [
          -0.5822068452835083,
          -3.850961208343506,
          -5.944370746612549
        ]
      ],
      "score_preview": [
        -0.5822068452835083,
        -3.850961208343506,
        -5.944370746612549
      ],
      "value": [
        3.959195137023926
      ],
      "value_preview": [
        3.959195137023926
      ],
      "warm_call_median_seconds": 0.33333723386749625,
      "warm_call_timings_seconds": [
        0.33333723386749625
      ]
    },
    {
      "arm_id": "streaming_streaming_tensor",
      "compile_and_first_call_seconds": 9.636110902065411,
      "finite": true,
      "jit_compile": false,
      "output_devices": [
        "/job:localhost/replica:0/task:0/device:GPU:0",
        "/job:localhost/replica:0/task:0/device:GPU:0"
      ],
      "score": [
        [
          -0.5822217464447021,
          -3.850961208343506,
          -5.944370746612549
        ]
      ],
      "score_preview": [
        -0.5822217464447021,
        -3.850961208343506,
        -5.944370746612549
      ],
      "value": [
        3.959195137023926
      ],
      "value_preview": [
        3.959195137023926
      ],
      "warm_call_median_seconds": 0.4039601900149137,
      "warm_call_timings_seconds": [
        0.4039601900149137
      ]
    },
    {
      "arm_id": "streaming_streaming_equivalent_callback",
      "compile_and_first_call_seconds": 8.829928140854463,
      "finite": true,
      "jit_compile": false,
      "output_devices": [
        "/job:localhost/replica:0/task:0/device:GPU:0",
        "/job:localhost/replica:0/task:0/device:GPU:0"
      ],
      "score": [
        [
          -0.5822217464447021,
          -3.850961208343506,
          -5.944370746612549
        ]
      ],
      "score_preview": [
        -0.5822217464447021,
        -3.850961208343506,
        -5.944370746612549
      ],
      "value": [
        3.959195137023926
      ],
      "value_preview": [
        3.959195137023926
      ],
      "warm_call_median_seconds": 0.4033433028962463,
      "warm_call_timings_seconds": [
        0.4033433028962463
      ]
    }
  ],
  "comparisons": [
    {
      "arm_id": "streaming_dense_tensor",
      "score_drift_vs_reference": {
        "max_abs": 0.0010313987731933594,
        "max_relative_to_max1_abs_reference": 0.00017347838682263628,
        "rms_abs": 0.000612188161345181,
        "shape": [
          1,
          3
        ]
      },
      "score_geometry_vs_reference": {
        "candidate_l2_norm": 7.106645524580812,
        "cosine_similarity": 0.9999999986913957,
        "norm_ratio_candidate_to_reference": 0.999859861506625,
        "reference_l2_norm": 7.1076415787631095
      },
      "value_drift_vs_reference": {
        "max_abs": 0.0,
        "max_relative_to_max1_abs_reference": 0.0,
        "rms_abs": 0.0,
        "shape": [
          1
        ]
      }
    },
    {
      "arm_id": "streaming_streaming_tensor",
      "score_drift_vs_reference": {
        "max_abs": 0.0010313987731933594,
        "max_relative_to_max1_abs_reference": 0.00017347838682263628,
        "rms_abs": 0.0006122486094386018,
        "shape": [
          1,
          3
        ]
      },
      "score_geometry_vs_reference": {
        "candidate_l2_norm": 7.106646745363289,
        "cosine_similarity": 0.9999999986651397,
        "norm_ratio_candidate_to_reference": 0.9998600332629612,
        "reference_l2_norm": 7.1076415787631095
      },
      "value_drift_vs_reference": {
        "max_abs": 0.0,
        "max_relative_to_max1_abs_reference": 0.0,
        "rms_abs": 0.0,
        "shape": [
          1
        ]
      }
    },
    {
      "arm_id": "streaming_streaming_equivalent_callback",
      "score_drift_vs_reference": {
        "max_abs": 0.0010313987731933594,
        "max_relative_to_max1_abs_reference": 0.00017347838682263628,
        "rms_abs": 0.0006122486094386018,
        "shape": [
          1,
          3
        ]
      },
      "score_geometry_vs_reference": {
        "candidate_l2_norm": 7.106646745363289,
        "cosine_similarity": 0.9999999986651397,
        "norm_ratio_candidate_to_reference": 0.9998600332629612,
        "reference_l2_norm": 7.1076415787631095
      },
      "value_drift_vs_reference": {
        "max_abs": 0.0,
        "max_relative_to_max1_abs_reference": 0.0,
        "rms_abs": 0.0,
        "shape": [
          1
        ]
      }
    }
  ],
  "cuda_visible_devices": "0",
  "device": "/GPU:0",
  "device_scope": "visible",
  "expect_device_kind": "gpu",
  "finite_all": true,
  "host": "ubuntu-MZ72-HB2-00",
  "jit_compile": false,
  "logical_gpus": [
    "LogicalDevice(name='/device:GPU:0', device_type='GPU')"
  ],
  "nonclaims": [
    "focused deterministic gradient-structure diagnostic only",
    "dense arm is a small-reference oracle, not a scalable implementation",
    "no HMC convergence or energy-conservation claim",
    "no posterior validity claim",
    "single fixture and single seed only"
  ],
  "overall_passed": false,
  "physical_gpus": [
    "PhysicalDevice(name='/physical_device:GPU:0', device_type='GPU')"
  ],
  "precision": {
    "dtype": "float32",
    "tf32_execution_enabled": true,
    "tf32_mode": "enabled",
    "tf_dtype": "float32"
  },
  "python_version": "3.13.13",
  "reference_arm": "original_dense_tensor",
  "shape": {
    "batch_size": 1,
    "num_particles": 32,
    "obs_dim": 4,
    "parameter_dim": 3,
    "state_dim": 4,
    "time_steps": 5
  },
  "structure_passed": false,
  "tensorflow_version": "2.20.0",
  "timestamp_utc": "2026-06-15T16:52:31.428605+00:00",
  "tolerances": {
    "structure_score_atol": 1e-05,
    "structure_score_rtol": 1e-05,
    "structure_value_atol": 1e-06,
    "structure_value_rtol": 1e-06
  },
  "transport": {
    "annealed_convergence_threshold": 0.001,
    "annealed_scaling": 0.9,
    "col_chunk_size": 16,
    "particle_chunk_size": 16,
    "policy": "active-odd",
    "row_chunk_size": 16,
    "sinkhorn_epsilon": 0.5,
    "sinkhorn_iterations": 3
  }
}
