{
  "arms": [
    {
      "arm_id": "original_dense_tensor",
      "compile_and_first_call_seconds": 10.064671277068555,
      "finite": true,
      "jit_compile": false,
      "output_devices": [
        "/job:localhost/replica:0/task:0/device:GPU:0",
        "/job:localhost/replica:0/task:0/device:GPU:0"
      ],
      "score": [
        [
          -0.4931172728538513,
          -3.8567233085632324,
          -5.944424629211426
        ]
      ],
      "score_preview": [
        -0.4931172728538513,
        -3.8567233085632324,
        -5.944424629211426
      ],
      "value": [
        3.964458703994751
      ],
      "value_preview": [
        3.964458703994751
      ],
      "warm_call_median_seconds": 0.15580478706397116,
      "warm_call_timings_seconds": [
        0.15580478706397116
      ]
    },
    {
      "arm_id": "streaming_dense_tensor",
      "compile_and_first_call_seconds": 4.54794353293255,
      "finite": true,
      "jit_compile": false,
      "output_devices": [
        "/job:localhost/replica:0/task:0/device:GPU:0",
        "/job:localhost/replica:0/task:0/device:GPU:0"
      ],
      "score": [
        [
          -0.4931172728538513,
          -3.8568801879882812,
          -5.9442458152771
        ]
      ],
      "score_preview": [
        -0.4931172728538513,
        -3.8568801879882812,
        -5.9442458152771
      ],
      "value": [
        3.964458703994751
      ],
      "value_preview": [
        3.964458703994751
      ],
      "warm_call_median_seconds": 0.32375568989664316,
      "warm_call_timings_seconds": [
        0.32375568989664316
      ]
    },
    {
      "arm_id": "streaming_streaming_tensor",
      "compile_and_first_call_seconds": 9.854598395060748,
      "finite": true,
      "jit_compile": false,
      "output_devices": [
        "/job:localhost/replica:0/task:0/device:GPU:0",
        "/job:localhost/replica:0/task:0/device:GPU:0"
      ],
      "score": [
        [
          -0.4930906295776367,
          -3.8568801879882812,
          -5.9442458152771
        ]
      ],
      "score_preview": [
        -0.4930906295776367,
        -3.8568801879882812,
        -5.9442458152771
      ],
      "value": [
        3.964458703994751
      ],
      "value_preview": [
        3.964458703994751
      ],
      "warm_call_median_seconds": 0.4047306030988693,
      "warm_call_timings_seconds": [
        0.4047306030988693
      ]
    },
    {
      "arm_id": "streaming_streaming_equivalent_callback",
      "compile_and_first_call_seconds": 8.992467231117189,
      "finite": true,
      "jit_compile": false,
      "output_devices": [
        "/job:localhost/replica:0/task:0/device:GPU:0",
        "/job:localhost/replica:0/task:0/device:GPU:0"
      ],
      "score": [
        [
          -0.4930906295776367,
          -3.8568801879882812,
          -5.9442458152771
        ]
      ],
      "score_preview": [
        -0.4930906295776367,
        -3.8568801879882812,
        -5.9442458152771
      ],
      "value": [
        3.964458703994751
      ],
      "value_preview": [
        3.964458703994751
      ],
      "warm_call_median_seconds": 0.4198059851769358,
      "warm_call_timings_seconds": [
        0.4198059851769358
      ]
    }
  ],
  "comparisons": [
    {
      "arm_id": "streaming_dense_tensor",
      "score_drift_vs_reference": {
        "max_abs": 0.00017881393432617188,
        "max_relative_to_max1_abs_reference": 4.0676868029527205e-05,
        "rms_abs": 0.00013733848345463286,
        "shape": [
          1,
          3
        ]
      },
      "score_geometry_vs_reference": {
        "candidate_l2_norm": 7.103009766410479,
        "cosine_similarity": 0.9999999994804075,
        "norm_ratio_candidate_to_reference": 0.9999909247580215,
        "reference_l2_norm": 7.103074228527894
      },
      "value_drift_vs_reference": {
        "max_abs": 0.0,
        "max_relative_to_max1_abs_reference": 0.0,
        "rms_abs": 0.0,
        "shape": [
          1
        ]
      }
    },
    {
      "arm_id": "streaming_streaming_tensor",
      "score_drift_vs_reference": {
        "max_abs": 0.00017881393432617188,
        "max_relative_to_max1_abs_reference": 4.0676868029527205e-05,
        "rms_abs": 0.00013819725187849292,
        "shape": [
          1,
          3
        ]
      },
      "score_geometry_vs_reference": {
        "candidate_l2_norm": 7.103007916785191,
        "cosine_similarity": 0.9999999994757698,
        "norm_ratio_candidate_to_reference": 0.9999906643601673,
        "reference_l2_norm": 7.103074228527894
      },
      "value_drift_vs_reference": {
        "max_abs": 0.0,
        "max_relative_to_max1_abs_reference": 0.0,
        "rms_abs": 0.0,
        "shape": [
          1
        ]
      }
    },
    {
      "arm_id": "streaming_streaming_equivalent_callback",
      "score_drift_vs_reference": {
        "max_abs": 0.00017881393432617188,
        "max_relative_to_max1_abs_reference": 4.0676868029527205e-05,
        "rms_abs": 0.00013819725187849292,
        "shape": [
          1,
          3
        ]
      },
      "score_geometry_vs_reference": {
        "candidate_l2_norm": 7.103007916785191,
        "cosine_similarity": 0.9999999994757698,
        "norm_ratio_candidate_to_reference": 0.9999906643601673,
        "reference_l2_norm": 7.103074228527894
      },
      "value_drift_vs_reference": {
        "max_abs": 0.0,
        "max_relative_to_max1_abs_reference": 0.0,
        "rms_abs": 0.0,
        "shape": [
          1
        ]
      }
    }
  ],
  "cuda_visible_devices": "0",
  "device": "/GPU:0",
  "device_scope": "visible",
  "expect_device_kind": "gpu",
  "finite_all": true,
  "host": "ubuntu-MZ72-HB2-00",
  "jit_compile": false,
  "logical_gpus": [
    "LogicalDevice(name='/device:GPU:0', device_type='GPU')"
  ],
  "nonclaims": [
    "focused deterministic gradient-structure diagnostic only",
    "dense arm is a small-reference oracle, not a scalable implementation",
    "no HMC convergence or energy-conservation claim",
    "no posterior validity claim",
    "single fixture and single seed only"
  ],
  "overall_passed": false,
  "physical_gpus": [
    "PhysicalDevice(name='/physical_device:GPU:0', device_type='GPU')"
  ],
  "precision": {
    "dtype": "float32",
    "tf32_execution_enabled": true,
    "tf32_mode": "enabled",
    "tf_dtype": "float32"
  },
  "python_version": "3.13.13",
  "reference_arm": "original_dense_tensor",
  "shape": {
    "batch_size": 1,
    "num_particles": 32,
    "obs_dim": 4,
    "parameter_dim": 3,
    "state_dim": 4,
    "time_steps": 5
  },
  "structure_passed": false,
  "tensorflow_version": "2.20.0",
  "timestamp_utc": "2026-06-15T16:50:36.299416+00:00",
  "tolerances": {
    "structure_score_atol": 1e-05,
    "structure_score_rtol": 1e-05,
    "structure_value_atol": 1e-06,
    "structure_value_rtol": 1e-06
  },
  "transport": {
    "annealed_convergence_threshold": 0.001,
    "annealed_scaling": 0.9,
    "col_chunk_size": 16,
    "particle_chunk_size": 16,
    "policy": "active-odd",
    "row_chunk_size": 16,
    "sinkhorn_epsilon": 0.5,
    "sinkhorn_iterations": 3
  }
}
