{
  "arms": [
    {
      "arm_id": "original_dense_tensor",
      "compile_and_first_call_seconds": 9.931198623031378,
      "finite": true,
      "jit_compile": false,
      "output_devices": [
        "/job:localhost/replica:0/task:0/device:GPU:0",
        "/job:localhost/replica:0/task:0/device:GPU:0"
      ],
      "score": [
        [
          -0.5905084013938904,
          -3.8313584327697754,
          -5.933552265167236
        ]
      ],
      "score_preview": [
        -0.5905084013938904,
        -3.8313584327697754,
        -5.933552265167236
      ],
      "value": [
        3.927574634552002
      ],
      "value_preview": [
        3.927574634552002
      ],
      "warm_call_median_seconds": 0.1672658291645348,
      "warm_call_timings_seconds": [
        0.1672658291645348
      ]
    },
    {
      "arm_id": "streaming_dense_tensor",
      "compile_and_first_call_seconds": 4.399768959032372,
      "finite": true,
      "jit_compile": false,
      "output_devices": [
        "/job:localhost/replica:0/task:0/device:GPU:0",
        "/job:localhost/replica:0/task:0/device:GPU:0"
      ],
      "score": [
        [
          -0.5905084013938904,
          -3.8313469886779785,
          -5.9331207275390625
        ]
      ],
      "score_preview": [
        -0.5905084013938904,
        -3.8313469886779785,
        -5.9331207275390625
      ],
      "value": [
        3.927574634552002
      ],
      "value_preview": [
        3.927574634552002
      ],
      "warm_call_median_seconds": 0.32517511304467916,
      "warm_call_timings_seconds": [
        0.32517511304467916
      ]
    },
    {
      "arm_id": "streaming_streaming_tensor",
      "compile_and_first_call_seconds": 9.655051100999117,
      "finite": true,
      "jit_compile": false,
      "output_devices": [
        "/job:localhost/replica:0/task:0/device:GPU:0",
        "/job:localhost/replica:0/task:0/device:GPU:0"
      ],
      "score": [
        [
          -0.5905184149742126,
          -3.8313469886779785,
          -5.9331207275390625
        ]
      ],
      "score_preview": [
        -0.5905184149742126,
        -3.8313469886779785,
        -5.9331207275390625
      ],
      "value": [
        3.927574634552002
      ],
      "value_preview": [
        3.927574634552002
      ],
      "warm_call_median_seconds": 0.41963120293803513,
      "warm_call_timings_seconds": [
        0.41963120293803513
      ]
    },
    {
      "arm_id": "streaming_streaming_equivalent_callback",
      "compile_and_first_call_seconds": 8.905369187006727,
      "finite": true,
      "jit_compile": false,
      "output_devices": [
        "/job:localhost/replica:0/task:0/device:GPU:0",
        "/job:localhost/replica:0/task:0/device:GPU:0"
      ],
      "score": [
        [
          -0.5905184149742126,
          -3.8313469886779785,
          -5.9331207275390625
        ]
      ],
      "score_preview": [
        -0.5905184149742126,
        -3.8313469886779785,
        -5.9331207275390625
      ],
      "value": [
        3.927574634552002
      ],
      "value_preview": [
        3.927574634552002
      ],
      "warm_call_median_seconds": 0.40333003900013864,
      "warm_call_timings_seconds": [
        0.40333003900013864
      ]
    }
  ],
  "comparisons": [
    {
      "arm_id": "streaming_dense_tensor",
      "score_drift_vs_reference": {
        "max_abs": 0.0004315376281738281,
        "max_relative_to_max1_abs_reference": 7.27283773511457e-05,
        "rms_abs": 0.0002492359603314019,
        "shape": [
          1,
          3
        ]
      },
      "score_geometry_vs_reference": {
        "candidate_l2_norm": 7.08730142489525,
        "cosine_similarity": 0.9999999994890217,
        "norm_ratio_candidate_to_reference": 0.9999481562810009,
        "reference_l2_norm": 7.0876688760088165
      },
      "value_drift_vs_reference": {
        "max_abs": 0.0,
        "max_relative_to_max1_abs_reference": 0.0,
        "rms_abs": 0.0,
        "shape": [
          1
        ]
      }
    },
    {
      "arm_id": "streaming_streaming_tensor",
      "score_drift_vs_reference": {
        "max_abs": 0.0004315376281738281,
        "max_relative_to_max1_abs_reference": 7.27283773511457e-05,
        "rms_abs": 0.0002493030040986396,
        "shape": [
          1,
          3
        ]
      },
      "score_geometry_vs_reference": {
        "candidate_l2_norm": 7.0873022592259405,
        "cosine_similarity": 0.9999999994819274,
        "norm_ratio_candidate_to_reference": 0.999948273996812,
        "reference_l2_norm": 7.0876688760088165
      },
      "value_drift_vs_reference": {
        "max_abs": 0.0,
        "max_relative_to_max1_abs_reference": 0.0,
        "rms_abs": 0.0,
        "shape": [
          1
        ]
      }
    },
    {
      "arm_id": "streaming_streaming_equivalent_callback",
      "score_drift_vs_reference": {
        "max_abs": 0.0004315376281738281,
        "max_relative_to_max1_abs_reference": 7.27283773511457e-05,
        "rms_abs": 0.0002493030040986396,
        "shape": [
          1,
          3
        ]
      },
      "score_geometry_vs_reference": {
        "candidate_l2_norm": 7.0873022592259405,
        "cosine_similarity": 0.9999999994819274,
        "norm_ratio_candidate_to_reference": 0.999948273996812,
        "reference_l2_norm": 7.0876688760088165
      },
      "value_drift_vs_reference": {
        "max_abs": 0.0,
        "max_relative_to_max1_abs_reference": 0.0,
        "rms_abs": 0.0,
        "shape": [
          1
        ]
      }
    }
  ],
  "cuda_visible_devices": "0",
  "device": "/GPU:0",
  "device_scope": "visible",
  "expect_device_kind": "gpu",
  "finite_all": true,
  "host": "ubuntu-MZ72-HB2-00",
  "jit_compile": false,
  "logical_gpus": [
    "LogicalDevice(name='/device:GPU:0', device_type='GPU')"
  ],
  "nonclaims": [
    "focused deterministic gradient-structure diagnostic only",
    "dense arm is a small-reference oracle, not a scalable implementation",
    "no HMC convergence or energy-conservation claim",
    "no posterior validity claim",
    "single fixture and single seed only"
  ],
  "overall_passed": false,
  "physical_gpus": [
    "PhysicalDevice(name='/physical_device:GPU:0', device_type='GPU')"
  ],
  "precision": {
    "dtype": "float32",
    "tf32_execution_enabled": true,
    "tf32_mode": "enabled",
    "tf_dtype": "float32"
  },
  "python_version": "3.13.13",
  "reference_arm": "original_dense_tensor",
  "shape": {
    "batch_size": 1,
    "num_particles": 32,
    "obs_dim": 4,
    "parameter_dim": 3,
    "state_dim": 4,
    "time_steps": 5
  },
  "structure_passed": false,
  "tensorflow_version": "2.20.0",
  "timestamp_utc": "2026-06-15T16:54:26.306638+00:00",
  "tolerances": {
    "structure_score_atol": 1e-05,
    "structure_score_rtol": 1e-05,
    "structure_value_atol": 1e-06,
    "structure_value_rtol": 1e-06
  },
  "transport": {
    "annealed_convergence_threshold": 0.001,
    "annealed_scaling": 0.9,
    "col_chunk_size": 16,
    "particle_chunk_size": 16,
    "policy": "active-odd",
    "row_chunk_size": 16,
    "sinkhorn_epsilon": 0.5,
    "sinkhorn_iterations": 3
  }
}
