{
  "arms": [
    {
      "arm_id": "original_dense_tensor",
      "compile_and_first_call_seconds": 9.621642877813429,
      "finite": true,
      "jit_compile": false,
      "output_devices": [
        "/job:localhost/replica:0/task:0/device:GPU:0",
        "/job:localhost/replica:0/task:0/device:GPU:0"
      ],
      "score": [
        [
          -0.5904379487037659,
          -3.834577798843384,
          -5.93507719039917
        ]
      ],
      "score_preview": [
        -0.5904379487037659,
        -3.834577798843384,
        -5.93507719039917
      ],
      "value": [
        3.9273738861083984
      ],
      "value_preview": [
        3.9273738861083984
      ],
      "warm_call_median_seconds": 0.1538447591010481,
      "warm_call_timings_seconds": [
        0.1538447591010481
      ]
    },
    {
      "arm_id": "streaming_dense_tensor",
      "compile_and_first_call_seconds": 4.409880527062342,
      "finite": true,
      "jit_compile": false,
      "output_devices": [
        "/job:localhost/replica:0/task:0/device:GPU:0",
        "/job:localhost/replica:0/task:0/device:GPU:0"
      ],
      "score": [
        [
          -0.5904379487037659,
          -3.8345775604248047,
          -5.935076713562012
        ]
      ],
      "score_preview": [
        -0.5904379487037659,
        -3.8345775604248047,
        -5.935076713562012
      ],
      "value": [
        3.9273741245269775
      ],
      "value_preview": [
        3.9273741245269775
      ],
      "warm_call_median_seconds": 0.32301147701218724,
      "warm_call_timings_seconds": [
        0.32301147701218724
      ]
    },
    {
      "arm_id": "streaming_streaming_tensor",
      "compile_and_first_call_seconds": 9.713774346048012,
      "finite": true,
      "jit_compile": false,
      "output_devices": [
        "/job:localhost/replica:0/task:0/device:GPU:0",
        "/job:localhost/replica:0/task:0/device:GPU:0"
      ],
      "score": [
        [
          -0.5904379487037659,
          -3.8345775604248047,
          -5.935076713562012
        ]
      ],
      "score_preview": [
        -0.5904379487037659,
        -3.8345775604248047,
        -5.935076713562012
      ],
      "value": [
        3.9273741245269775
      ],
      "value_preview": [
        3.9273741245269775
      ],
      "warm_call_median_seconds": 0.3995752709452063,
      "warm_call_timings_seconds": [
        0.3995752709452063
      ]
    },
    {
      "arm_id": "streaming_streaming_equivalent_callback",
      "compile_and_first_call_seconds": 8.853729253867641,
      "finite": true,
      "jit_compile": false,
      "output_devices": [
        "/job:localhost/replica:0/task:0/device:GPU:0",
        "/job:localhost/replica:0/task:0/device:GPU:0"
      ],
      "score": [
        [
          -0.5904379487037659,
          -3.8345775604248047,
          -5.935076713562012
        ]
      ],
      "score_preview": [
        -0.5904379487037659,
        -3.8345775604248047,
        -5.935076713562012
      ],
      "value": [
        3.9273741245269775
      ],
      "value_preview": [
        3.9273741245269775
      ],
      "warm_call_median_seconds": 0.4181076728273183,
      "warm_call_timings_seconds": [
        0.4181076728273183
      ]
    }
  ],
  "comparisons": [
    {
      "arm_id": "streaming_dense_tensor",
      "score_drift_vs_reference": {
        "max_abs": 4.76837158203125e-07,
        "max_relative_to_max1_abs_reference": 8.034219992529783e-08,
        "rms_abs": 3.0779706209559574e-07,
        "shape": [
          1,
          3
        ]
      },
      "score_geometry_vs_reference": {
        "candidate_l2_norm": 7.0906796313223035,
        "cosine_similarity": 1.0,
        "norm_ratio_candidate_to_reference": 0.9999999255276878,
        "reference_l2_norm": 7.09068015938165
      },
      "value_drift_vs_reference": {
        "max_abs": 2.384185791015625e-07,
        "max_relative_to_max1_abs_reference": 6.070687080363755e-08,
        "rms_abs": 2.384185791015625e-07,
        "shape": [
          1
        ]
      }
    },
    {
      "arm_id": "streaming_streaming_tensor",
      "score_drift_vs_reference": {
        "max_abs": 4.76837158203125e-07,
        "max_relative_to_max1_abs_reference": 8.034219992529783e-08,
        "rms_abs": 3.0779706209559574e-07,
        "shape": [
          1,
          3
        ]
      },
      "score_geometry_vs_reference": {
        "candidate_l2_norm": 7.0906796313223035,
        "cosine_similarity": 1.0,
        "norm_ratio_candidate_to_reference": 0.9999999255276878,
        "reference_l2_norm": 7.09068015938165
      },
      "value_drift_vs_reference": {
        "max_abs": 2.384185791015625e-07,
        "max_relative_to_max1_abs_reference": 6.070687080363755e-08,
        "rms_abs": 2.384185791015625e-07,
        "shape": [
          1
        ]
      }
    },
    {
      "arm_id": "streaming_streaming_equivalent_callback",
      "score_drift_vs_reference": {
        "max_abs": 4.76837158203125e-07,
        "max_relative_to_max1_abs_reference": 8.034219992529783e-08,
        "rms_abs": 3.0779706209559574e-07,
        "shape": [
          1,
          3
        ]
      },
      "score_geometry_vs_reference": {
        "candidate_l2_norm": 7.0906796313223035,
        "cosine_similarity": 1.0,
        "norm_ratio_candidate_to_reference": 0.9999999255276878,
        "reference_l2_norm": 7.09068015938165
      },
      "value_drift_vs_reference": {
        "max_abs": 2.384185791015625e-07,
        "max_relative_to_max1_abs_reference": 6.070687080363755e-08,
        "rms_abs": 2.384185791015625e-07,
        "shape": [
          1
        ]
      }
    }
  ],
  "cuda_visible_devices": "0",
  "device": "/GPU:0",
  "device_scope": "visible",
  "expect_device_kind": "gpu",
  "finite_all": true,
  "host": "ubuntu-MZ72-HB2-00",
  "jit_compile": false,
  "logical_gpus": [
    "LogicalDevice(name='/device:GPU:0', device_type='GPU')"
  ],
  "nonclaims": [
    "focused deterministic gradient-structure diagnostic only",
    "dense arm is a small-reference oracle, not a scalable implementation",
    "no HMC convergence or energy-conservation claim",
    "no posterior validity claim",
    "single fixture and single seed only"
  ],
  "overall_passed": true,
  "physical_gpus": [
    "PhysicalDevice(name='/physical_device:GPU:0', device_type='GPU')"
  ],
  "precision": {
    "dtype": "float32",
    "tf32_execution_enabled": false,
    "tf32_mode": "disabled",
    "tf_dtype": "float32"
  },
  "python_version": "3.13.13",
  "reference_arm": "original_dense_tensor",
  "shape": {
    "batch_size": 1,
    "num_particles": 32,
    "obs_dim": 4,
    "parameter_dim": 3,
    "state_dim": 4,
    "time_steps": 5
  },
  "structure_passed": true,
  "tensorflow_version": "2.20.0",
  "timestamp_utc": "2026-06-15T16:53:48.380477+00:00",
  "tolerances": {
    "structure_score_atol": 1e-05,
    "structure_score_rtol": 1e-05,
    "structure_value_atol": 1e-06,
    "structure_value_rtol": 1e-06
  },
  "transport": {
    "annealed_convergence_threshold": 0.001,
    "annealed_scaling": 0.9,
    "col_chunk_size": 16,
    "particle_chunk_size": 16,
    "policy": "active-odd",
    "row_chunk_size": 16,
    "sinkhorn_epsilon": 0.5,
    "sinkhorn_iterations": 3
  }
}
