{
  "arms": [
    {
      "arm_id": "original_dense_tensor",
      "compile_and_first_call_seconds": 9.764415215002373,
      "finite": true,
      "jit_compile": false,
      "output_devices": [
        "/job:localhost/replica:0/task:0/device:GPU:0",
        "/job:localhost/replica:0/task:0/device:GPU:0"
      ],
      "score": [
        [
          -0.6636788249015808,
          -3.8257594108581543,
          -5.929417133331299
        ]
      ],
      "score_preview": [
        -0.6636788249015808,
        -3.8257594108581543,
        -5.929417133331299
      ],
      "value": [
        3.915292501449585
      ],
      "value_preview": [
        3.915292501449585
      ],
      "warm_call_median_seconds": 0.12940753297880292,
      "warm_call_timings_seconds": [
        0.12940753297880292
      ]
    },
    {
      "arm_id": "streaming_dense_tensor",
      "compile_and_first_call_seconds": 4.335895886877552,
      "finite": true,
      "jit_compile": false,
      "output_devices": [
        "/job:localhost/replica:0/task:0/device:GPU:0",
        "/job:localhost/replica:0/task:0/device:GPU:0"
      ],
      "score": [
        [
          -0.6636788249015808,
          -3.8254144191741943,
          -5.928981781005859
        ]
      ],
      "score_preview": [
        -0.6636788249015808,
        -3.8254144191741943,
        -5.928981781005859
      ],
      "value": [
        3.915292501449585
      ],
      "value_preview": [
        3.915292501449585
      ],
      "warm_call_median_seconds": 0.2843507460784167,
      "warm_call_timings_seconds": [
        0.2843507460784167
      ]
    },
    {
      "arm_id": "streaming_streaming_tensor",
      "compile_and_first_call_seconds": 10.22741257515736,
      "finite": true,
      "jit_compile": false,
      "output_devices": [
        "/job:localhost/replica:0/task:0/device:GPU:0",
        "/job:localhost/replica:0/task:0/device:GPU:0"
      ],
      "score": [
        [
          -0.6636685729026794,
          -3.8254144191741943,
          -5.928981781005859
        ]
      ],
      "score_preview": [
        -0.6636685729026794,
        -3.8254144191741943,
        -5.928981781005859
      ],
      "value": [
        3.915292501449585
      ],
      "value_preview": [
        3.915292501449585
      ],
      "warm_call_median_seconds": 0.36915755295194685,
      "warm_call_timings_seconds": [
        0.36915755295194685
      ]
    },
    {
      "arm_id": "streaming_streaming_equivalent_callback",
      "compile_and_first_call_seconds": 8.908703970024362,
      "finite": true,
      "jit_compile": false,
      "output_devices": [
        "/job:localhost/replica:0/task:0/device:GPU:0",
        "/job:localhost/replica:0/task:0/device:GPU:0"
      ],
      "score": [
        [
          -0.6636685729026794,
          -3.8254144191741943,
          -5.928981781005859
        ]
      ],
      "score_preview": [
        -0.6636685729026794,
        -3.8254144191741943,
        -5.928981781005859
      ],
      "value": [
        3.915292501449585
      ],
      "value_preview": [
        3.915292501449585
      ],
      "warm_call_median_seconds": 0.40012146113440394,
      "warm_call_timings_seconds": [
        0.40012146113440394
      ]
    }
  ],
  "comparisons": [
    {
      "arm_id": "streaming_dense_tensor",
      "score_drift_vs_reference": {
        "max_abs": 0.0004353523254394531,
        "max_relative_to_max1_abs_reference": 9.017600086947861e-05,
        "rms_abs": 0.0003207028267555854,
        "shape": [
          1,
          3
        ]
      },
      "score_geometry_vs_reference": {
        "candidate_l2_norm": 7.087107309794878,
        "cosine_similarity": 0.9999999999444459,
        "norm_ratio_candidate_to_reference": 0.9999223400756289,
        "reference_l2_norm": 7.0876577367586835
      },
      "value_drift_vs_reference": {
        "max_abs": 0.0,
        "max_relative_to_max1_abs_reference": 0.0,
        "rms_abs": 0.0,
        "shape": [
          1
        ]
      }
    },
    {
      "arm_id": "streaming_streaming_tensor",
      "score_drift_vs_reference": {
        "max_abs": 0.0004353523254394531,
        "max_relative_to_max1_abs_reference": 9.017600086947861e-05,
        "rms_abs": 0.0003207574435345929,
        "shape": [
          1,
          3
        ]
      },
      "score_geometry_vs_reference": {
        "candidate_l2_norm": 7.087106349744156,
        "cosine_similarity": 0.9999999999539291,
        "norm_ratio_candidate_to_reference": 0.9999222046217514,
        "reference_l2_norm": 7.0876577367586835
      },
      "value_drift_vs_reference": {
        "max_abs": 0.0,
        "max_relative_to_max1_abs_reference": 0.0,
        "rms_abs": 0.0,
        "shape": [
          1
        ]
      }
    },
    {
      "arm_id": "streaming_streaming_equivalent_callback",
      "score_drift_vs_reference": {
        "max_abs": 0.0004353523254394531,
        "max_relative_to_max1_abs_reference": 9.017600086947861e-05,
        "rms_abs": 0.0003207574435345929,
        "shape": [
          1,
          3
        ]
      },
      "score_geometry_vs_reference": {
        "candidate_l2_norm": 7.087106349744156,
        "cosine_similarity": 0.9999999999539291,
        "norm_ratio_candidate_to_reference": 0.9999222046217514,
        "reference_l2_norm": 7.0876577367586835
      },
      "value_drift_vs_reference": {
        "max_abs": 0.0,
        "max_relative_to_max1_abs_reference": 0.0,
        "rms_abs": 0.0,
        "shape": [
          1
        ]
      }
    }
  ],
  "cuda_visible_devices": "0",
  "device": "/GPU:0",
  "device_scope": "visible",
  "expect_device_kind": "gpu",
  "finite_all": true,
  "host": "ubuntu-MZ72-HB2-00",
  "jit_compile": false,
  "logical_gpus": [
    "LogicalDevice(name='/device:GPU:0', device_type='GPU')"
  ],
  "nonclaims": [
    "focused deterministic gradient-structure diagnostic only",
    "dense arm is a small-reference oracle, not a scalable implementation",
    "no HMC convergence or energy-conservation claim",
    "no posterior validity claim",
    "single fixture and single seed only"
  ],
  "overall_passed": false,
  "physical_gpus": [
    "PhysicalDevice(name='/physical_device:GPU:0', device_type='GPU')"
  ],
  "precision": {
    "dtype": "float32",
    "tf32_execution_enabled": true,
    "tf32_mode": "enabled",
    "tf_dtype": "float32"
  },
  "python_version": "3.13.13",
  "reference_arm": "original_dense_tensor",
  "shape": {
    "batch_size": 1,
    "num_particles": 32,
    "obs_dim": 4,
    "parameter_dim": 3,
    "state_dim": 4,
    "time_steps": 5
  },
  "structure_passed": false,
  "tensorflow_version": "2.20.0",
  "timestamp_utc": "2026-06-15T16:48:41.249191+00:00",
  "tolerances": {
    "structure_score_atol": 1e-05,
    "structure_score_rtol": 1e-05,
    "structure_value_atol": 1e-06,
    "structure_value_rtol": 1e-06
  },
  "transport": {
    "annealed_convergence_threshold": 0.001,
    "annealed_scaling": 0.9,
    "col_chunk_size": 16,
    "particle_chunk_size": 16,
    "policy": "active-odd",
    "row_chunk_size": 16,
    "sinkhorn_epsilon": 0.5,
    "sinkhorn_iterations": 3
  }
}
