{
  "arms": [
    {
      "arm_id": "original_dense_tensor",
      "compile_and_first_call_seconds": 9.919320007087663,
      "finite": true,
      "jit_compile": false,
      "output_devices": [
        "/job:localhost/replica:0/task:0/device:GPU:0",
        "/job:localhost/replica:0/task:0/device:GPU:0"
      ],
      "score": [
        [
          -0.5478112697601318,
          -3.848696708679199,
          -5.9412336349487305
        ]
      ],
      "score_preview": [
        -0.5478112697601318,
        -3.848696708679199,
        -5.9412336349487305
      ],
      "value": [
        3.9528651237487793
      ],
      "value_preview": [
        3.9528651237487793
      ],
      "warm_call_median_seconds": 0.14597655390389264,
      "warm_call_timings_seconds": [
        0.14597655390389264
      ]
    },
    {
      "arm_id": "streaming_dense_tensor",
      "compile_and_first_call_seconds": 4.438921502092853,
      "finite": true,
      "jit_compile": false,
      "output_devices": [
        "/job:localhost/replica:0/task:0/device:GPU:0",
        "/job:localhost/replica:0/task:0/device:GPU:0"
      ],
      "score": [
        [
          -0.5478112697601318,
          -3.848811626434326,
          -5.94074821472168
        ]
      ],
      "score_preview": [
        -0.5478112697601318,
        -3.848811626434326,
        -5.94074821472168
      ],
      "value": [
        3.9528651237487793
      ],
      "value_preview": [
        3.9528651237487793
      ],
      "warm_call_median_seconds": 0.2881878330372274,
      "warm_call_timings_seconds": [
        0.2881878330372274
      ]
    },
    {
      "arm_id": "streaming_streaming_tensor",
      "compile_and_first_call_seconds": 9.745242959121242,
      "finite": true,
      "jit_compile": false,
      "output_devices": [
        "/job:localhost/replica:0/task:0/device:GPU:0",
        "/job:localhost/replica:0/task:0/device:GPU:0"
      ],
      "score": [
        [
          -0.5478309392929077,
          -3.8488612174987793,
          -5.94074821472168
        ]
      ],
      "score_preview": [
        -0.5478309392929077,
        -3.8488612174987793,
        -5.94074821472168
      ],
      "value": [
        3.9528651237487793
      ],
      "value_preview": [
        3.9528651237487793
      ],
      "warm_call_median_seconds": 0.3752723690122366,
      "warm_call_timings_seconds": [
        0.3752723690122366
      ]
    },
    {
      "arm_id": "streaming_streaming_equivalent_callback",
      "compile_and_first_call_seconds": 8.728739753831178,
      "finite": true,
      "jit_compile": false,
      "output_devices": [
        "/job:localhost/replica:0/task:0/device:GPU:0",
        "/job:localhost/replica:0/task:0/device:GPU:0"
      ],
      "score": [
        [
          -0.5478309392929077,
          -3.8488612174987793,
          -5.94074821472168
        ]
      ],
      "score_preview": [
        -0.5478309392929077,
        -3.8488612174987793,
        -5.94074821472168
      ],
      "value": [
        3.9528651237487793
      ],
      "value_preview": [
        3.9528651237487793
      ],
      "warm_call_median_seconds": 0.3759216479957104,
      "warm_call_timings_seconds": [
        0.3759216479957104
      ]
    }
  ],
  "comparisons": [
    {
      "arm_id": "streaming_dense_tensor",
      "score_drift_vs_reference": {
        "max_abs": 0.00048542022705078125,
        "max_relative_to_max1_abs_reference": 8.170360852253712e-05,
        "rms_abs": 0.00028800398566307514,
        "shape": [
          1,
          3
        ]
      },
      "score_geometry_vs_reference": {
        "candidate_l2_norm": 7.09971390083932,
        "cosine_similarity": 0.9999999987048002,
        "norm_ratio_candidate_to_reference": 0.999951565039533,
        "reference_l2_norm": 7.1000577918577825
      },
      "value_drift_vs_reference": {
        "max_abs": 0.0,
        "max_relative_to_max1_abs_reference": 0.0,
        "rms_abs": 0.0,
        "shape": [
          1
        ]
      }
    },
    {
      "arm_id": "streaming_streaming_tensor",
      "score_drift_vs_reference": {
        "max_abs": 0.00048542022705078125,
        "max_relative_to_max1_abs_reference": 8.170360852253712e-05,
        "rms_abs": 0.00029613219968412986,
        "shape": [
          1,
          3
        ]
      },
      "score_geometry_vs_reference": {
        "candidate_l2_norm": 7.099742302388979,
        "cosine_similarity": 0.999999998377764,
        "norm_ratio_candidate_to_reference": 0.9999555652252344,
        "reference_l2_norm": 7.1000577918577825
      },
      "value_drift_vs_reference": {
        "max_abs": 0.0,
        "max_relative_to_max1_abs_reference": 0.0,
        "rms_abs": 0.0,
        "shape": [
          1
        ]
      }
    },
    {
      "arm_id": "streaming_streaming_equivalent_callback",
      "score_drift_vs_reference": {
        "max_abs": 0.00048542022705078125,
        "max_relative_to_max1_abs_reference": 8.170360852253712e-05,
        "rms_abs": 0.00029613219968412986,
        "shape": [
          1,
          3
        ]
      },
      "score_geometry_vs_reference": {
        "candidate_l2_norm": 7.099742302388979,
        "cosine_similarity": 0.999999998377764,
        "norm_ratio_candidate_to_reference": 0.9999555652252344,
        "reference_l2_norm": 7.1000577918577825
      },
      "value_drift_vs_reference": {
        "max_abs": 0.0,
        "max_relative_to_max1_abs_reference": 0.0,
        "rms_abs": 0.0,
        "shape": [
          1
        ]
      }
    }
  ],
  "cuda_visible_devices": "0",
  "device": "/GPU:0",
  "device_scope": "visible",
  "expect_device_kind": "gpu",
  "finite_all": true,
  "host": "ubuntu-MZ72-HB2-00",
  "jit_compile": false,
  "logical_gpus": [
    "LogicalDevice(name='/device:GPU:0', device_type='GPU')"
  ],
  "nonclaims": [
    "focused deterministic gradient-structure diagnostic only",
    "dense arm is a small-reference oracle, not a scalable implementation",
    "no HMC convergence or energy-conservation claim",
    "no posterior validity claim",
    "single fixture and single seed only"
  ],
  "overall_passed": false,
  "physical_gpus": [
    "PhysicalDevice(name='/physical_device:GPU:0', device_type='GPU')"
  ],
  "precision": {
    "dtype": "float32",
    "tf32_execution_enabled": true,
    "tf32_mode": "enabled",
    "tf_dtype": "float32"
  },
  "python_version": "3.13.13",
  "reference_arm": "original_dense_tensor",
  "shape": {
    "batch_size": 1,
    "num_particles": 32,
    "obs_dim": 4,
    "parameter_dim": 3,
    "state_dim": 4,
    "time_steps": 5
  },
  "structure_passed": false,
  "tensorflow_version": "2.20.0",
  "timestamp_utc": "2026-06-15T16:46:48.689245+00:00",
  "tolerances": {
    "structure_score_atol": 1e-05,
    "structure_score_rtol": 1e-05,
    "structure_value_atol": 1e-06,
    "structure_value_rtol": 1e-06
  },
  "transport": {
    "annealed_convergence_threshold": 0.001,
    "annealed_scaling": 0.9,
    "col_chunk_size": 16,
    "particle_chunk_size": 16,
    "policy": "active-odd",
    "row_chunk_size": 16,
    "sinkhorn_epsilon": 0.5,
    "sinkhorn_iterations": 3
  }
}
