{
  "arms": [
    {
      "arm_id": "original_dense_tensor",
      "compile_and_first_call_seconds": 7.63141527492553,
      "finite": true,
      "jit_compile": true,
      "output_devices": [
        "/job:localhost/replica:0/task:0/device:CPU:0",
        "/job:localhost/replica:0/task:0/device:CPU:0"
      ],
      "score": [
        [
          -0.23708179363979878,
          -1.1387486393115087,
          -1.767671406931515
        ]
      ],
      "score_preview": [
        -0.23708179363979878,
        -1.1387486393115087,
        -1.767671406931515
      ],
      "value": [
        1.1549887791659208
      ],
      "value_preview": [
        1.1549887791659208
      ],
      "warm_call_median_seconds": 0.0008667160291224718,
      "warm_call_timings_seconds": [
        0.0008667160291224718
      ]
    },
    {
      "arm_id": "streaming_dense_tensor",
      "compile_and_first_call_seconds": 6.1936555181164294,
      "finite": true,
      "jit_compile": true,
      "output_devices": [
        "/job:localhost/replica:0/task:0/device:CPU:0",
        "/job:localhost/replica:0/task:0/device:CPU:0"
      ],
      "score": [
        [
          -0.23708179363979878,
          -1.138748639311509,
          -1.767671406931515
        ]
      ],
      "score_preview": [
        -0.23708179363979878,
        -1.138748639311509,
        -1.767671406931515
      ],
      "value": [
        1.1549887791659208
      ],
      "value_preview": [
        1.1549887791659208
      ],
      "warm_call_median_seconds": 0.002027360023930669,
      "warm_call_timings_seconds": [
        0.002027360023930669
      ]
    },
    {
      "arm_id": "streaming_streaming_tensor",
      "compile_and_first_call_seconds": 13.35430302284658,
      "finite": true,
      "jit_compile": true,
      "output_devices": [
        "/job:localhost/replica:0/task:0/device:CPU:0",
        "/job:localhost/replica:0/task:0/device:CPU:0"
      ],
      "score": [
        [
          -0.23708179363979887,
          -1.138748639311509,
          -1.767671406931515
        ]
      ],
      "score_preview": [
        -0.23708179363979887,
        -1.138748639311509,
        -1.767671406931515
      ],
      "value": [
        1.1549887791659208
      ],
      "value_preview": [
        1.1549887791659208
      ],
      "warm_call_median_seconds": 0.010483522899448872,
      "warm_call_timings_seconds": [
        0.010483522899448872
      ]
    },
    {
      "arm_id": "streaming_streaming_equivalent_callback",
      "compile_and_first_call_seconds": 12.679545952007174,
      "finite": true,
      "jit_compile": true,
      "output_devices": [
        "/job:localhost/replica:0/task:0/device:CPU:0",
        "/job:localhost/replica:0/task:0/device:CPU:0"
      ],
      "score": [
        [
          -0.23708179363979887,
          -1.138748639311509,
          -1.767671406931515
        ]
      ],
      "score_preview": [
        -0.23708179363979887,
        -1.138748639311509,
        -1.767671406931515
      ],
      "value": [
        1.1549887791659208
      ],
      "value_preview": [
        1.1549887791659208
      ],
      "warm_call_median_seconds": 0.008437862154096365,
      "warm_call_timings_seconds": [
        0.008437862154096365
      ]
    }
  ],
  "comparisons": [
    {
      "arm_id": "streaming_dense_tensor",
      "score_drift_vs_reference": {
        "max_abs": 2.220446049250313e-16,
        "max_relative_to_max1_abs_reference": 1.949900068019227e-16,
        "rms_abs": 1.2819751242557092e-16,
        "shape": [
          1,
          3
        ]
      },
      "score_geometry_vs_reference": {
        "candidate_l2_norm": 2.116038384172773,
        "cosine_similarity": 1.0,
        "norm_ratio_candidate_to_reference": 1.0,
        "reference_l2_norm": 2.116038384172773
      },
      "value_drift_vs_reference": {
        "max_abs": 0.0,
        "max_relative_to_max1_abs_reference": 0.0,
        "rms_abs": 0.0,
        "shape": [
          1
        ]
      }
    },
    {
      "arm_id": "streaming_streaming_tensor",
      "score_drift_vs_reference": {
        "max_abs": 2.220446049250313e-16,
        "max_relative_to_max1_abs_reference": 1.949900068019227e-16,
        "rms_abs": 1.3691500328805859e-16,
        "shape": [
          1,
          3
        ]
      },
      "score_geometry_vs_reference": {
        "candidate_l2_norm": 2.116038384172773,
        "cosine_similarity": 1.0,
        "norm_ratio_candidate_to_reference": 1.0,
        "reference_l2_norm": 2.116038384172773
      },
      "value_drift_vs_reference": {
        "max_abs": 0.0,
        "max_relative_to_max1_abs_reference": 0.0,
        "rms_abs": 0.0,
        "shape": [
          1
        ]
      }
    },
    {
      "arm_id": "streaming_streaming_equivalent_callback",
      "score_drift_vs_reference": {
        "max_abs": 2.220446049250313e-16,
        "max_relative_to_max1_abs_reference": 1.949900068019227e-16,
        "rms_abs": 1.3691500328805859e-16,
        "shape": [
          1,
          3
        ]
      },
      "score_geometry_vs_reference": {
        "candidate_l2_norm": 2.116038384172773,
        "cosine_similarity": 1.0,
        "norm_ratio_candidate_to_reference": 1.0,
        "reference_l2_norm": 2.116038384172773
      },
      "value_drift_vs_reference": {
        "max_abs": 0.0,
        "max_relative_to_max1_abs_reference": 0.0,
        "rms_abs": 0.0,
        "shape": [
          1
        ]
      }
    }
  ],
  "cuda_visible_devices": "-1",
  "device": "/CPU:0",
  "device_scope": "cpu",
  "expect_device_kind": "cpu",
  "finite_all": true,
  "host": "ubuntu-MZ72-HB2-00",
  "jit_compile": true,
  "logical_gpus": [],
  "nonclaims": [
    "focused deterministic gradient-structure diagnostic only",
    "dense arm is a small-reference oracle, not a scalable implementation",
    "no HMC convergence or energy-conservation claim",
    "no posterior validity claim",
    "single fixture and single seed only"
  ],
  "overall_passed": true,
  "physical_gpus": [],
  "precision": {
    "active_dtype": "float64",
    "default_dtype": "float32",
    "default_tf32_mode": "enabled",
    "dtype": "float64",
    "fp64_reference_requires_explicit_dtype": true,
    "precision_default_policy": "experimental_ledh_pfpf_ot_gpu_tf32",
    "scope": "experimental_batched_ledh_pfpf_ot_gpu_performance_lane",
    "tf32_execution_enabled": false,
    "tf32_mode": "disabled",
    "tf_dtype": "float64"
  },
  "python_version": "3.13.13",
  "reference_arm": "original_dense_tensor",
  "shape": {
    "batch_size": 1,
    "num_particles": 8,
    "obs_dim": 2,
    "parameter_dim": 3,
    "state_dim": 2,
    "time_steps": 3
  },
  "structure_passed": true,
  "tensorflow_version": "2.20.0",
  "timestamp_utc": "2026-06-17T08:03:34.845870+00:00",
  "tolerances": {
    "structure_score_atol": 1e-05,
    "structure_score_rtol": 1e-05,
    "structure_value_atol": 1e-06,
    "structure_value_rtol": 1e-06
  },
  "transport": {
    "annealed_convergence_threshold": 0.001,
    "annealed_scaling": 0.9,
    "col_chunk_size": 16,
    "particle_chunk_size": 16,
    "policy": "active-odd",
    "row_chunk_size": 16,
    "sinkhorn_epsilon": 0.5,
    "sinkhorn_iterations": 3
  }
}
