{
  "arms": [
    {
      "arm_id": "original_dense_tensor",
      "compile_and_first_call_seconds": 7.724288183031604,
      "finite": true,
      "jit_compile": true,
      "output_devices": [
        "/job:localhost/replica:0/task:0/device:CPU:0",
        "/job:localhost/replica:0/task:0/device:CPU:0"
      ],
      "score": [
        [
          -0.2321240856137312,
          -1.139934042972068,
          -1.771157549069704
        ]
      ],
      "score_preview": [
        -0.2321240856137312,
        -1.139934042972068,
        -1.771157549069704
      ],
      "value": [
        1.1598248249072869
      ],
      "value_preview": [
        1.1598248249072869
      ],
      "warm_call_median_seconds": 0.0008414750918745995,
      "warm_call_timings_seconds": [
        0.0008414750918745995
      ]
    },
    {
      "arm_id": "streaming_dense_tensor",
      "compile_and_first_call_seconds": 6.197349146939814,
      "finite": true,
      "jit_compile": true,
      "output_devices": [
        "/job:localhost/replica:0/task:0/device:CPU:0",
        "/job:localhost/replica:0/task:0/device:CPU:0"
      ],
      "score": [
        [
          -0.23212408561373124,
          -1.139934042972068,
          -1.7711575490697042
        ]
      ],
      "score_preview": [
        -0.23212408561373124,
        -1.139934042972068,
        -1.7711575490697042
      ],
      "value": [
        1.1598248249072869
      ],
      "value_preview": [
        1.1598248249072869
      ],
      "warm_call_median_seconds": 0.002818523906171322,
      "warm_call_timings_seconds": [
        0.002818523906171322
      ]
    },
    {
      "arm_id": "streaming_streaming_tensor",
      "compile_and_first_call_seconds": 12.926278272876516,
      "finite": true,
      "jit_compile": true,
      "output_devices": [
        "/job:localhost/replica:0/task:0/device:CPU:0",
        "/job:localhost/replica:0/task:0/device:CPU:0"
      ],
      "score": [
        [
          -0.2321240856137312,
          -1.1399340429720675,
          -1.7711575490697042
        ]
      ],
      "score_preview": [
        -0.2321240856137312,
        -1.1399340429720675,
        -1.7711575490697042
      ],
      "value": [
        1.1598248249072869
      ],
      "value_preview": [
        1.1598248249072869
      ],
      "warm_call_median_seconds": 0.007380906958132982,
      "warm_call_timings_seconds": [
        0.007380906958132982
      ]
    },
    {
      "arm_id": "streaming_streaming_equivalent_callback",
      "compile_and_first_call_seconds": 12.250737976050004,
      "finite": true,
      "jit_compile": true,
      "output_devices": [
        "/job:localhost/replica:0/task:0/device:CPU:0",
        "/job:localhost/replica:0/task:0/device:CPU:0"
      ],
      "score": [
        [
          -0.2321240856137312,
          -1.1399340429720675,
          -1.7711575490697042
        ]
      ],
      "score_preview": [
        -0.2321240856137312,
        -1.1399340429720675,
        -1.7711575490697042
      ],
      "value": [
        1.1598248249072869
      ],
      "value_preview": [
        1.1598248249072869
      ],
      "warm_call_median_seconds": 0.008995359065011144,
      "warm_call_timings_seconds": [
        0.008995359065011144
      ]
    }
  ],
  "comparisons": [
    {
      "arm_id": "streaming_dense_tensor",
      "score_drift_vs_reference": {
        "max_abs": 2.220446049250313e-16,
        "max_relative_to_max1_abs_reference": 1.2536694154715918e-16,
        "rms_abs": 1.2919517348320736e-16,
        "shape": [
          1,
          3
        ]
      },
      "score_geometry_vs_reference": {
        "candidate_l2_norm": 2.1190399423029422,
        "cosine_similarity": 0.9999999999999998,
        "norm_ratio_candidate_to_reference": 1.0,
        "reference_l2_norm": 2.1190399423029422
      },
      "value_drift_vs_reference": {
        "max_abs": 0.0,
        "max_relative_to_max1_abs_reference": 0.0,
        "rms_abs": 0.0,
        "shape": [
          1
        ]
      }
    },
    {
      "arm_id": "streaming_streaming_tensor",
      "score_drift_vs_reference": {
        "max_abs": 4.440892098500626e-16,
        "max_relative_to_max1_abs_reference": 3.895744780919261e-16,
        "rms_abs": 2.8665835232995054e-16,
        "shape": [
          1,
          3
        ]
      },
      "score_geometry_vs_reference": {
        "candidate_l2_norm": 2.119039942302942,
        "cosine_similarity": 0.9999999999999998,
        "norm_ratio_candidate_to_reference": 0.9999999999999998,
        "reference_l2_norm": 2.1190399423029422
      },
      "value_drift_vs_reference": {
        "max_abs": 0.0,
        "max_relative_to_max1_abs_reference": 0.0,
        "rms_abs": 0.0,
        "shape": [
          1
        ]
      }
    },
    {
      "arm_id": "streaming_streaming_equivalent_callback",
      "score_drift_vs_reference": {
        "max_abs": 4.440892098500626e-16,
        "max_relative_to_max1_abs_reference": 3.895744780919261e-16,
        "rms_abs": 2.8665835232995054e-16,
        "shape": [
          1,
          3
        ]
      },
      "score_geometry_vs_reference": {
        "candidate_l2_norm": 2.119039942302942,
        "cosine_similarity": 0.9999999999999998,
        "norm_ratio_candidate_to_reference": 0.9999999999999998,
        "reference_l2_norm": 2.1190399423029422
      },
      "value_drift_vs_reference": {
        "max_abs": 0.0,
        "max_relative_to_max1_abs_reference": 0.0,
        "rms_abs": 0.0,
        "shape": [
          1
        ]
      }
    }
  ],
  "cuda_visible_devices": "-1",
  "device": "/CPU:0",
  "device_scope": "cpu",
  "expect_device_kind": "cpu",
  "finite_all": true,
  "host": "ubuntu-MZ72-HB2-00",
  "jit_compile": true,
  "logical_gpus": [],
  "nonclaims": [
    "focused deterministic gradient-structure diagnostic only",
    "dense arm is a small-reference oracle, not a scalable implementation",
    "no HMC convergence or energy-conservation claim",
    "no posterior validity claim",
    "single fixture and single seed only"
  ],
  "overall_passed": true,
  "physical_gpus": [],
  "precision": {
    "active_dtype": "float64",
    "default_dtype": "float32",
    "default_tf32_mode": "enabled",
    "dtype": "float64",
    "fp64_reference_requires_explicit_dtype": true,
    "precision_default_policy": "experimental_ledh_pfpf_ot_gpu_tf32",
    "scope": "experimental_batched_ledh_pfpf_ot_gpu_performance_lane",
    "tf32_execution_enabled": false,
    "tf32_mode": "disabled",
    "tf_dtype": "float64"
  },
  "python_version": "3.13.13",
  "reference_arm": "original_dense_tensor",
  "shape": {
    "batch_size": 1,
    "num_particles": 8,
    "obs_dim": 2,
    "parameter_dim": 3,
    "state_dim": 2,
    "time_steps": 3
  },
  "structure_passed": true,
  "tensorflow_version": "2.20.0",
  "timestamp_utc": "2026-06-17T08:07:56.389448+00:00",
  "tolerances": {
    "structure_score_atol": 1e-05,
    "structure_score_rtol": 1e-05,
    "structure_value_atol": 1e-06,
    "structure_value_rtol": 1e-06
  },
  "transport": {
    "annealed_convergence_threshold": 0.001,
    "annealed_scaling": 0.9,
    "col_chunk_size": 16,
    "particle_chunk_size": 16,
    "policy": "active-odd",
    "row_chunk_size": 16,
    "sinkhorn_epsilon": 0.5,
    "sinkhorn_iterations": 3
  }
}
