{
  "arms": [
    {
      "arm_id": "original_dense_tensor",
      "compile_and_first_call_seconds": 7.662521690828726,
      "finite": true,
      "jit_compile": true,
      "output_devices": [
        "/job:localhost/replica:0/task:0/device:CPU:0",
        "/job:localhost/replica:0/task:0/device:CPU:0"
      ],
      "score": [
        [
          -0.13717294872534644,
          -1.1668288095465869,
          -1.7843432334376133
        ]
      ],
      "score_preview": [
        -0.13717294872534644,
        -1.1668288095465869,
        -1.7843432334376133
      ],
      "value": [
        1.2017220085900149
      ],
      "value_preview": [
        1.2017220085900149
      ],
      "warm_call_median_seconds": 0.0007194469217211008,
      "warm_call_timings_seconds": [
        0.0007194469217211008
      ]
    },
    {
      "arm_id": "streaming_dense_tensor",
      "compile_and_first_call_seconds": 6.220741658937186,
      "finite": true,
      "jit_compile": true,
      "output_devices": [
        "/job:localhost/replica:0/task:0/device:CPU:0",
        "/job:localhost/replica:0/task:0/device:CPU:0"
      ],
      "score": [
        [
          -0.13717294872534644,
          -1.166828809546587,
          -1.7843432334376133
        ]
      ],
      "score_preview": [
        -0.13717294872534644,
        -1.166828809546587,
        -1.7843432334376133
      ],
      "value": [
        1.2017220085900149
      ],
      "value_preview": [
        1.2017220085900149
      ],
      "warm_call_median_seconds": 0.0018857780378311872,
      "warm_call_timings_seconds": [
        0.0018857780378311872
      ]
    },
    {
      "arm_id": "streaming_streaming_tensor",
      "compile_and_first_call_seconds": 13.57812183513306,
      "finite": true,
      "jit_compile": true,
      "output_devices": [
        "/job:localhost/replica:0/task:0/device:CPU:0",
        "/job:localhost/replica:0/task:0/device:CPU:0"
      ],
      "score": [
        [
          -0.13717294872534647,
          -1.166828809546587,
          -1.7843432334376133
        ]
      ],
      "score_preview": [
        -0.13717294872534647,
        -1.166828809546587,
        -1.7843432334376133
      ],
      "value": [
        1.2017220085900149
      ],
      "value_preview": [
        1.2017220085900149
      ],
      "warm_call_median_seconds": 0.007818261859938502,
      "warm_call_timings_seconds": [
        0.007818261859938502
      ]
    },
    {
      "arm_id": "streaming_streaming_equivalent_callback",
      "compile_and_first_call_seconds": 12.630384210962802,
      "finite": true,
      "jit_compile": true,
      "output_devices": [
        "/job:localhost/replica:0/task:0/device:CPU:0",
        "/job:localhost/replica:0/task:0/device:CPU:0"
      ],
      "score": [
        [
          -0.13717294872534647,
          -1.166828809546587,
          -1.7843432334376133
        ]
      ],
      "score_preview": [
        -0.13717294872534647,
        -1.166828809546587,
        -1.7843432334376133
      ],
      "value": [
        1.2017220085900149
      ],
      "value_preview": [
        1.2017220085900149
      ],
      "warm_call_median_seconds": 0.008423368213698268,
      "warm_call_timings_seconds": [
        0.008423368213698268
      ]
    }
  ],
  "comparisons": [
    {
      "arm_id": "streaming_dense_tensor",
      "score_drift_vs_reference": {
        "max_abs": 2.220446049250313e-16,
        "max_relative_to_max1_abs_reference": 1.902974996060602e-16,
        "rms_abs": 1.2819751242557092e-16,
        "shape": [
          1,
          3
        ]
      },
      "score_geometry_vs_reference": {
        "candidate_l2_norm": 2.1363957178773103,
        "cosine_similarity": 1.0000000000000002,
        "norm_ratio_candidate_to_reference": 1.0,
        "reference_l2_norm": 2.1363957178773103
      },
      "value_drift_vs_reference": {
        "max_abs": 0.0,
        "max_relative_to_max1_abs_reference": 0.0,
        "rms_abs": 0.0,
        "shape": [
          1
        ]
      }
    },
    {
      "arm_id": "streaming_streaming_tensor",
      "score_drift_vs_reference": {
        "max_abs": 2.220446049250313e-16,
        "max_relative_to_max1_abs_reference": 1.902974996060602e-16,
        "rms_abs": 1.2919517348320736e-16,
        "shape": [
          1,
          3
        ]
      },
      "score_geometry_vs_reference": {
        "candidate_l2_norm": 2.1363957178773103,
        "cosine_similarity": 1.0000000000000002,
        "norm_ratio_candidate_to_reference": 1.0,
        "reference_l2_norm": 2.1363957178773103
      },
      "value_drift_vs_reference": {
        "max_abs": 0.0,
        "max_relative_to_max1_abs_reference": 0.0,
        "rms_abs": 0.0,
        "shape": [
          1
        ]
      }
    },
    {
      "arm_id": "streaming_streaming_equivalent_callback",
      "score_drift_vs_reference": {
        "max_abs": 2.220446049250313e-16,
        "max_relative_to_max1_abs_reference": 1.902974996060602e-16,
        "rms_abs": 1.2919517348320736e-16,
        "shape": [
          1,
          3
        ]
      },
      "score_geometry_vs_reference": {
        "candidate_l2_norm": 2.1363957178773103,
        "cosine_similarity": 1.0000000000000002,
        "norm_ratio_candidate_to_reference": 1.0,
        "reference_l2_norm": 2.1363957178773103
      },
      "value_drift_vs_reference": {
        "max_abs": 0.0,
        "max_relative_to_max1_abs_reference": 0.0,
        "rms_abs": 0.0,
        "shape": [
          1
        ]
      }
    }
  ],
  "cuda_visible_devices": "-1",
  "device": "/CPU:0",
  "device_scope": "cpu",
  "expect_device_kind": "cpu",
  "finite_all": true,
  "host": "ubuntu-MZ72-HB2-00",
  "jit_compile": true,
  "logical_gpus": [],
  "nonclaims": [
    "focused deterministic gradient-structure diagnostic only",
    "dense arm is a small-reference oracle, not a scalable implementation",
    "no HMC convergence or energy-conservation claim",
    "no posterior validity claim",
    "single fixture and single seed only"
  ],
  "overall_passed": true,
  "physical_gpus": [],
  "precision": {
    "active_dtype": "float64",
    "default_dtype": "float32",
    "default_tf32_mode": "enabled",
    "dtype": "float64",
    "fp64_reference_requires_explicit_dtype": true,
    "precision_default_policy": "experimental_ledh_pfpf_ot_gpu_tf32",
    "scope": "experimental_batched_ledh_pfpf_ot_gpu_performance_lane",
    "tf32_execution_enabled": false,
    "tf32_mode": "disabled",
    "tf_dtype": "float64"
  },
  "python_version": "3.13.13",
  "reference_arm": "original_dense_tensor",
  "shape": {
    "batch_size": 1,
    "num_particles": 8,
    "obs_dim": 2,
    "parameter_dim": 3,
    "state_dim": 2,
    "time_steps": 3
  },
  "structure_passed": true,
  "tensorflow_version": "2.20.0",
  "timestamp_utc": "2026-06-17T08:05:46.938503+00:00",
  "tolerances": {
    "structure_score_atol": 1e-05,
    "structure_score_rtol": 1e-05,
    "structure_value_atol": 1e-06,
    "structure_value_rtol": 1e-06
  },
  "transport": {
    "annealed_convergence_threshold": 0.001,
    "annealed_scaling": 0.9,
    "col_chunk_size": 16,
    "particle_chunk_size": 16,
    "policy": "active-odd",
    "row_chunk_size": 16,
    "sinkhorn_epsilon": 0.5,
    "sinkhorn_iterations": 3
  }
}
