{
  "compile_and_first_call_seconds": 9.86076489300467,
  "compiled_unit": "streaming_batched_ledh_pfpf_ot_lgssm_value",
  "cuda_visible_devices": "0",
  "device": "/GPU:0",
  "device_scope": "visible",
  "ess_by_time_preview": [
    126.85601043701172,
    127.99745178222656,
    127.99995422363281,
    127.99835205078125,
    127.99688720703125,
    127.99859619140625,
    127.99964904785156,
    127.99981689453125
  ],
  "expect_device_kind": "gpu",
  "filtered_means_preview": [
    -0.002775687724351883,
    -0.0004831824917346239,
    0.012738170102238655,
    0.0008177300915122032,
    0.028060754761099815,
    0.0376250334084034,
    0.011695586144924164,
    0.01357971504330635
  ],
  "filtered_variances_preview": [
    0.001648390432819724,
    0.001576506532728672,
    0.001922786352224648,
    0.001874017296358943,
    0.0022599692456424236,
    0.001760504674166441,
    2.7893918741028756e-05,
    2.53895741479937e-05
  ],
  "finite_output": true,
  "gpu_memory_info_after": {
    "current": 11264,
    "peak": 166144
  },
  "gpu_memory_info_before": {
    "current": 9728,
    "peak": 9728
  },
  "history_shapes": {
    "ess_by_time": [
      12,
      1
    ],
    "filtered_means": [
      12,
      1,
      6
    ],
    "filtered_variances": [
      12,
      1,
      6
    ]
  },
  "host": "ubuntu-MZ72-HB2-00",
  "jit_compile": true,
  "log_likelihood_preview": [
    14.779579162597656
  ],
  "logical_gpus": [
    "LogicalDevice(name='/device:GPU:0', device_type='GPU')"
  ],
  "nonclaims": [
    "single synthetic LGSSM-shaped fixture only",
    "production/default target by owner directive",
    "no CPU/GPU ranking claim",
    "no posterior validity claim",
    "no active transport gradient validation claim",
    "no HMC readiness claim",
    "streaming removes dense transport storage but not all-pairs OT compute"
  ],
  "output_arrays": {
    "ess_by_time": [
      [
        126.85601043701172
      ],
      [
        127.99745178222656
      ],
      [
        127.99995422363281
      ],
      [
        127.99835205078125
      ],
      [
        127.99688720703125
      ],
      [
        127.99859619140625
      ],
      [
        127.99964904785156
      ],
      [
        127.99981689453125
      ],
      [
        127.99966430664062
      ],
      [
        127.99761962890625
      ],
      [
        127.99700927734375
      ],
      [
        127.99781799316406
      ]
    ],
    "filtered_means": [
      [
        [
          -0.002775687724351883,
          -0.0004831824917346239,
          0.012738170102238655,
          0.0008177300915122032,
          0.028060754761099815,
          0.0376250334084034
        ]
      ],
      [
        [
          0.011695586144924164,
          0.01357971504330635,
          0.021211860701441765,
          0.015250353142619133,
          0.03093472309410572,
          0.03695293143391609
        ]
      ],
      [
        [
          0.0197724848985672,
          0.022048164159059525,
          0.02742675691843033,
          0.02543044276535511,
          0.03541242331266403,
          0.04006887972354889
        ]
      ],
      [
        [
          0.02454848773777485,
          0.02763170376420021,
          0.03246122598648071,
          0.03327445685863495,
          0.040704406797885895,
          0.04517475515604019
        ]
      ],
      [
        [
          0.02760762721300125,
          0.03171031177043915,
          0.036849960684776306,
          0.03977518156170845,
          0.0463189035654068,
          0.05117908492684364
        ]
      ],
      [
        [
          0.02976093254983425,
          0.03498370200395584,
          0.0408487431704998,
          0.04543954133987427,
          0.05193224549293518,
          0.05739236995577812
        ]
      ],
      [
        [
          0.03143902122974396,
          0.037822771817445755,
          0.044595133513212204,
          0.05054035410284996,
          0.05734987184405327,
          0.06339430809020996
        ]
      ],
      [
        [
          0.03286672383546829,
          0.04041910544037819,
          0.0481550432741642,
          0.055213190615177155,
          0.062437668442726135,
          0.06890619546175003
        ]
      ],
      [
        [
          0.03415965661406517,
          0.042868662625551224,
          0.051554299890995026,
          0.059516068547964096,
          0.06709371507167816,
          0.07373064011335373
        ]
      ],
      [
        [
          0.03538171201944351,
          0.04522418975830078,
          0.054805904626846313,
          0.06347457319498062,
          0.07124724239110947,
          0.07773441821336746
        ]
      ],
      [
        [
          0.036554887890815735,
          0.04749670252203941,
          0.057892806828022,
          0.06706956773996353,
          0.07481563091278076,
          0.08079148828983307
        ]
      ],
      [
        [
          0.03769177198410034,
          0.04969082400202751,
          0.06080087274312973,
          0.07028032839298248,
          0.07773817330598831,
          0.08281616866588593
        ]
      ]
    ],