{
  "compile_and_first_call_seconds": 10.896982291946188,
  "compiled_unit": "streaming_batched_ledh_pfpf_ot_lgssm_value",
  "cuda_visible_devices": "0",
  "device": "/GPU:0",
  "device_scope": "visible",
  "ess_by_time_preview": [
    126.85578155517578,
    127.99749755859375,
    127.99998474121094,
    127.99826049804688,
    127.99690246582031,
    127.99856567382812,
    127.99960327148438,
    127.99986267089844
  ],
  "expect_device_kind": "gpu",
  "filtered_means_preview": [
    -0.0027697253972291946,
    -0.0004834812134504318,
    0.012739444151520729,
    0.0008183533791452646,
    0.028051409870386124,
    0.037631697952747345,
    0.01170012541115284,
    0.013580848462879658
  ],
  "filtered_variances_preview": [
    0.00164729543030262,
    0.0015770719619467854,
    0.0019213808700442314,
    0.0018734590848907828,
    0.0022581040393561125,
    0.001761924009770155,
    2.7869495170307346e-05,
    2.5455008653807454e-05
  ],
  "finite_output": true,
  "gpu_memory_info_after": {
    "current": 11264,
    "peak": 67154688
  },
  "gpu_memory_info_before": {
    "current": 9728,
    "peak": 9728
  },
  "history_shapes": {
    "ess_by_time": [
      12,
      1
    ],
    "filtered_means": [
      12,
      1,
      6
    ],
    "filtered_variances": [
      12,
      1,
      6
    ]
  },
  "host": "ubuntu-MZ72-HB2-00",
  "jit_compile": true,
  "log_likelihood_preview": [
    14.777643203735352
  ],
  "logical_gpus": [
    "LogicalDevice(name='/device:GPU:0', device_type='GPU')"
  ],
  "nonclaims": [
    "single synthetic LGSSM-shaped fixture only",
    "production/default target by owner directive",
    "no CPU/GPU ranking claim",
    "no posterior validity claim",
    "no active transport gradient validation claim",
    "no HMC readiness claim",
    "streaming removes dense transport storage but not all-pairs OT compute"
  ],
  "output_arrays": {
    "ess_by_time": [
      [
        126.85578155517578
      ],
      [
        127.99749755859375
      ],
      [
        127.99998474121094
      ],
      [
        127.99826049804688
      ],
      [
        127.99690246582031
      ],
      [
        127.99856567382812
      ],
      [
        127.99960327148438
      ],
      [
        127.99986267089844
      ],
      [
        127.99972534179688
      ],
      [
        127.99757385253906
      ],
      [
        127.99688720703125
      ],
      [
        127.99717712402344
      ]
    ],
    "filtered_means": [
      [
        [
          -0.0027697253972291946,
          -0.0004834812134504318,
          0.012739444151520729,
          0.0008183533791452646,
          0.028051409870386124,
          0.037631697952747345
        ]
      ],
      [
        [
          0.01170012541115284,
          0.013580848462879658,
          0.0212116539478302,
          0.015248822048306465,
          0.030923735350370407,
          0.036961235105991364
        ]
      ],
      [
        [
          0.019774410873651505,
          0.022050928324460983,
          0.027424480766057968,
          0.02542647160589695,
          0.035399485379457474,
          0.040079265832901
        ]
      ],
      [
        [
          0.024547575041651726,
          0.027635816484689713,
          0.032456256449222565,
          0.033268727362155914,
          0.040689315646886826,
          0.04518554359674454
        ]
      ],
      [
        [
          0.02760634571313858,
          0.031716085970401764,
          0.036843810230493546,
          0.039762794971466064,
          0.04629882425069809,
          0.051186613738536835
        ]
      ],
      [
        [
          0.029760893434286118,
          0.03499067574739456,
          0.04084024578332901,
          0.04543398320674896,
          0.05190621316432953,
          0.057398587465286255
        ]
      ],
      [
        [
          0.03143654018640518,
          0.037832245230674744,
          0.044591762125492096,
          0.05053120106458664,
          0.05732925236225128,
          0.06339919567108154
        ]
      ],
      [
        [
          0.032856449484825134,
          0.04042762145400047,
          0.048142775893211365,
          0.0552041232585907,
          0.06241338327527046,
          0.06891743093729019
        ]
      ],
      [
        [
          0.03415001556277275,
          0.042879968881607056,
          0.05154089629650116,
          0.05950554460287094,
          0.06706585735082626,
          0.07375329732894897
        ]
      ],
      [
        [
          0.03537306934595108,
          0.0452328622341156,
          0.05479296296834946,
          0.06345923244953156,
          0.0712110698223114,
          0.07776449620723724
        ]
      ],
      [
        [
          0.036545947194099426,
          0.047506026923656464,
          0.057874035090208054,
          0.0670565739274025,
          0.07478165626525879,
          0.08080432564020157
        ]
      ],
      [
        [
          0.037679702043533325,
          0.04970162361860275,
          0.060784962028265,
          0.07026902586221695,
          0.07771748304367065,
          0.08282969892024994
        ]
      ]
    ],