{
  "compile_and_first_call_seconds": 10.273838876048103,
  "compiled_unit": "streaming_batched_ledh_pfpf_ot_lgssm_value",
  "cuda_visible_devices": "0",
  "device": "/GPU:0",
  "device_scope": "visible",
  "ess_by_time_preview": [
    126.85595953442521,
    127.99750124721378,
    127.99993968543944,
    127.99829890437579,
    127.99690890491348,
    127.99859150903696,
    127.99960075876314,
    127.9998210980862
  ],
  "expect_device_kind": "gpu",
  "filtered_means_preview": [
    -0.0027756839910820005,
    -0.00048318196183333396,
    0.012738168947816812,
    0.0008177313611453258,
    0.028060747290625073,
    0.0376250432913017,
    0.011695584690143012,
    0.013579711821366415
  ],
  "filtered_variances_preview": [
    0.0016483896022467495,
    0.0015765069085793546,
    0.0019227865052623264,
    0.001874017754006037,
    0.0022599674501258766,
    0.0017605053221487071,
    2.789391021104727e-05,
    2.538962127630999e-05
  ],
  "finite_output": true,
  "gpu_memory_info_after": {
    "current": 19456,
    "peak": 303872
  },
  "gpu_memory_info_before": {
    "current": 17408,
    "peak": 17408
  },
  "history_shapes": {
    "ess_by_time": [
      12,
      1
    ],
    "filtered_means": [
      12,
      1,
      6
    ],
    "filtered_variances": [
      12,
      1,
      6
    ]
  },
  "host": "ubuntu-MZ72-HB2-00",
  "jit_compile": true,
  "log_likelihood_preview": [
    14.779567698241262
  ],
  "logical_gpus": [
    "LogicalDevice(name='/device:GPU:0', device_type='GPU')"
  ],
  "nonclaims": [
    "single synthetic LGSSM-shaped fixture only",
    "production/default target by owner directive",
    "no CPU/GPU ranking claim",
    "no posterior validity claim",
    "no active transport gradient validation claim",
    "no HMC readiness claim",
    "streaming removes dense transport storage but not all-pairs OT compute"
  ],
  "output_arrays": {
    "ess_by_time": [
      [
        126.85595953442521
      ],
      [
        127.99750124721378
      ],
      [
        127.99993968543944
      ],
      [
        127.99829890437579
      ],
      [
        127.99690890491348
      ],
      [
        127.99859150903696
      ],
      [
        127.99960075876314
      ],
      [
        127.9998210980862
      ],
      [
        127.99964402131533
      ],
      [
        127.99764076776626
      ],
      [
        127.99701441690979
      ],
      [
        127.99778793697226
      ]
    ],
    "filtered_means": [
      [
        [
          -0.0027756839910820005,
          -0.00048318196183333396,
          0.012738168947816812,
          0.0008177313611453258,
          0.028060747290625073,
          0.0376250432913017
        ]
      ],
      [
        [
          0.011695584690143012,
          0.013579711821366415,
          0.021211852456265487,
          0.015250352334044327,
          0.030934698369926295,
          0.03695293169551227
        ]
      ],
      [
        [
          0.019772478390361198,
          0.022048163412883702,
          0.02742675222461176,
          0.025430444602549535,
          0.0354123931287435,
          0.040068885586369146
        ]
      ],
      [
        [
          0.024548481539138137,
          0.027631707285919682,
          0.03246122580466172,
          0.03327446842885772,
          0.040704385181656796,
          0.04517476907822779
        ]
      ],
      [
        [
          0.027607613264545347,
          0.03171031163481752,
          0.03684995113195733,
          0.03977517957946469,
          0.046318866255811476,
          0.051179092393835356
        ]
      ],
      [
        [
          0.02976091939402232,
          0.03498370250705404,
          0.04084873401457341,
          0.04543954153474882,
          0.05193220759943888,
          0.05739238148180582
        ]
      ],
      [
        [
          0.031439016346503694,
          0.037822778392256326,
          0.044595133729975346,
          0.050540366506754156,
          0.057349835652331406,
          0.06339432773902068
        ]
      ],
      [
        [
          0.03286671190740087,
          0.04041911016480114,
          0.04815503743026459,
          0.05521320039331166,
          0.06243762329098017,
          0.06890621665492397
        ]
      ],
      [
        [
          0.03415964319707769,
          0.04286867259781678,
          0.05155429413193592,
          0.05951608129656939,
          0.06709366382024508,
          0.07373066723141652
        ]
      ],
      [
        [
          0.03538169690317734,
          0.045224194953955875,
          0.054805894821398415,
          0.06347458164796409,
          0.07124718459644087,
          0.07773444012239464
        ]
      ],
      [
        [
          0.03655486740543501,
          0.04749670159972591,
          0.057892791489305415,
          0.06706956493166934,
          0.07481556112277928,
          0.08079151137931745
        ]
      ],
      [
        [
          0.03769175120096495,
          0.049690835150391896,
          0.060800868484756895,
          0.07028034519556213,
          0.07773811331250753,
          0.08281620203269452
        ]
      ]
    ],