{
  "compile_and_first_call_seconds": 10.81694386806339,
  "compiled_unit": "streaming_batched_ledh_pfpf_ot_lgssm_value",
  "cuda_visible_devices": "0",
  "device": "/GPU:0",
  "device_scope": "visible",
  "ess_by_time_preview": [
    126.47865295410156,
    127.99710083007812,
    127.99961853027344,
    127.99641418457031,
    127.998291015625,
    127.99960327148438,
    127.9998779296875,
    128.00001525878906
  ],
  "expect_device_kind": "gpu",
  "filtered_means_preview": [
    -0.0009996568551287055,
    -0.0022160958033055067,
    0.01304817758500576,
    0.012725574895739555,
    0.020067431032657623,
    0.02964833937585354,
    0.01266430877149105,
    0.012648455798625946
  ],
  "filtered_variances_preview": [
    0.001907728728838265,
    0.0019895737059414387,
    0.0022641478572040796,
    0.0017560808919370174,
    0.0017547716852277517,
    0.0019430576357990503,
    3.944821219192818e-05,
    5.1189410442020744e-05
  ],
  "finite_output": true,
  "gpu_memory_info_after": {
    "current": 11264,
    "peak": 67154688
  },
  "gpu_memory_info_before": {
    "current": 9728,
    "peak": 9728
  },
  "history_shapes": {
    "ess_by_time": [
      12,
      1
    ],
    "filtered_means": [
      12,
      1,
      6
    ],
    "filtered_variances": [
      12,
      1,
      6
    ]
  },
  "host": "ubuntu-MZ72-HB2-00",
  "jit_compile": true,
  "log_likelihood_preview": [
    14.782381057739258
  ],
  "logical_gpus": [
    "LogicalDevice(name='/device:GPU:0', device_type='GPU')"
  ],
  "nonclaims": [
    "single synthetic LGSSM-shaped fixture only",
    "production/default target by owner directive",
    "no CPU/GPU ranking claim",
    "no posterior validity claim",
    "no active transport gradient validation claim",
    "no HMC readiness claim",
    "streaming removes dense transport storage but not all-pairs OT compute"
  ],
  "output_arrays": {
    "ess_by_time": [
      [
        126.47865295410156
      ],
      [
        127.99710083007812
      ],
      [
        127.99961853027344
      ],
      [
        127.99641418457031
      ],
      [
        127.998291015625
      ],
      [
        127.99960327148438
      ],
      [
        127.9998779296875
      ],
      [
        128.00001525878906
      ],
      [
        128.00001525878906
      ],
      [
        127.99998474121094
      ],
      [
        127.99996948242188
      ],
      [
        127.99996948242188
      ]
    ],
    "filtered_means": [
      [
        [
          -0.0009996568551287055,
          -0.0022160958033055067,
          0.01304817758500576,
          0.012725574895739555,
          0.020067431032657623,
          0.02964833937585354
        ]
      ],
      [
        [
          0.01266430877149105,
          0.012648455798625946,
          0.02137945592403412,
          0.021731378510594368,
          0.02642870880663395,
          0.032522428780794144
        ]
      ],
      [
        [
          0.02029741182923317,
          0.021553173661231995,
          0.02751137688755989,
          0.028967026621103287,
          0.03286898136138916,
          0.037607721984386444
        ]
      ],
      [
        [
          0.024837404489517212,
          0.027375897392630577,
          0.032508548349142075,
          0.035211727023124695,
          0.03927324339747429,
          0.04381894692778587
        ]
      ],
      [
        [
          0.027757510542869568,
          0.031574614346027374,
          0.03686493635177612,
          0.04081704840064049,
          0.04549288749694824,
          0.050424668937921524
        ]
      ],
      [
        [
          0.029839782044291496,
          0.03491240739822388,
          0.04084959626197815,
          0.04599757492542267,
          0.051456429064273834,
          0.05697718262672424
        ]
      ],
      [
        [
          0.03148007392883301,
          0.037792570888996124,
          0.04457889124751091,
          0.050840042531490326,
          0.05706492066383362,
          0.0631687343120575
        ]
      ],
      [
        [
          0.03289101645350456,
          0.04040295630693436,
          0.04813024401664734,
          0.05536005645990372,
          0.06225275248289108,
          0.06877933442592621
        ]
      ],
      [
        [
          0.03416962921619415,
          0.04285985231399536,
          0.05153200402855873,
          0.059594158083200455,
          0.06697319447994232,
          0.0736449584364891
        ]
      ],
      [
        [
          0.035376355051994324,
          0.04521726816892624,
          0.054774828255176544,
          0.06348857283592224,
          0.0711526870727539,
          0.07765502482652664
        ]
      ],
      [
        [
          0.036536455154418945,
          0.04748560115695,
          0.05785246938467026,
          0.06704813987016678,
          0.07473082095384598,
          0.08072642982006073
        ]
      ],
      [
        [
          0.03767416253685951,
          0.04968275502324104,
          0.06075313687324524,
          0.07023699581623077,
          0.07765038311481476,
          0.0827789157629013
        ]
      ]
    ],