{
  "compile_and_first_call_seconds": 9.880594328977168,
  "compiled_unit": "streaming_batched_ledh_pfpf_ot_lgssm_value",
  "cuda_visible_devices": "0",
  "device": "/GPU:0",
  "device_scope": "visible",
  "ess_by_time_preview": [
    126.4784164428711,
    127.99700927734375,
    127.99957275390625,
    127.99642944335938,
    127.99822998046875,
    127.99955749511719,
    127.99990844726562,
    127.99996948242188
  ],
  "expect_device_kind": "gpu",
  "filtered_means_preview": [
    -0.0010048734256997705,
    -0.002216145396232605,
    0.013048255816102028,
    0.012726882472634315,
    0.020071571692824364,
    0.02964533492922783,
    0.012659475207328796,
    0.012647446244955063
  ],
  "filtered_variances_preview": [
    0.0019086719257757068,
    0.0019890819676220417,
    0.0022657192312180996,
    0.001756783458404243,
    0.0017565385205671191,
    0.0019418617011979222,
    3.9467628084821627e-05,
    5.109560879645869e-05
  ],
  "finite_output": true,
  "gpu_memory_info_after": {
    "current": 11264,
    "peak": 166144
  },
  "gpu_memory_info_before": {
    "current": 9728,
    "peak": 9728
  },
  "history_shapes": {
    "ess_by_time": [
      12,
      1
    ],
    "filtered_means": [
      12,
      1,
      6
    ],
    "filtered_variances": [
      12,
      1,
      6
    ]
  },
  "host": "ubuntu-MZ72-HB2-00",
  "jit_compile": true,
  "log_likelihood_preview": [
    14.78411865234375
  ],
  "logical_gpus": [
    "LogicalDevice(name='/device:GPU:0', device_type='GPU')"
  ],
  "nonclaims": [
    "single synthetic LGSSM-shaped fixture only",
    "production/default target by owner directive",
    "no CPU/GPU ranking claim",
    "no posterior validity claim",
    "no active transport gradient validation claim",
    "no HMC readiness claim",
    "streaming removes dense transport storage but not all-pairs OT compute"
  ],
  "output_arrays": {
    "ess_by_time": [
      [
        126.4784164428711
      ],
      [
        127.99700927734375
      ],
      [
        127.99957275390625
      ],
      [
        127.99642944335938
      ],
      [
        127.99822998046875
      ],
      [
        127.99955749511719
      ],
      [
        127.99990844726562
      ],
      [
        127.99996948242188
      ],
      [
        127.99995422363281
      ],
      [
        128.00003051757812
      ],
      [
        128.00006103515625
      ],
      [
        128.0000457763672
      ]
    ],
    "filtered_means": [
      [
        [
          -0.0010048734256997705,
          -0.002216145396232605,
          0.013048255816102028,
          0.012726882472634315,
          0.020071571692824364,
          0.02964533492922783
        ]
      ],
      [
        [
          0.012659475207328796,
          0.012647446244955063,
          0.02138042077422142,
          0.02173418551683426,
          0.02643398754298687,
          0.03251876309514046
        ]
      ],
      [
        [
          0.020295435562729836,
          0.021550636738538742,
          0.02751476876437664,
          0.028972364962100983,
          0.032876912504434586,
          0.03760343790054321
        ]
      ],
      [
        [
          0.02483806014060974,
          0.027372119948267937,
          0.03251441568136215,
          0.03521887958049774,
          0.039284706115722656,
          0.04381401091814041
        ]
      ],
      [
        [
          0.02776091732084751,
          0.031567178666591644,
          0.036871932446956635,
          0.04083241894841194,
          0.04551180452108383,
          0.050413828343153
        ]
      ],
      [
        [
          0.0298403799533844,
          0.034902699291706085,
          0.04085425287485123,
          0.04601118713617325,
          0.051470495760440826,
          0.05695817619562149
        ]
      ],
      [
        [
          0.03148079663515091,
          0.037777651101350784,
          0.04459533095359802,
          0.050850048661231995,
          0.05708697438240051,
          0.06314906477928162
        ]
      ],
      [
        [
          0.03288856893777847,
          0.04039377719163895,
          0.0481533482670784,
          0.055380597710609436,
          0.06228775158524513,
          0.06876726448535919
        ]
      ],
      [
        [
          0.034169524908065796,
          0.04285244643688202,
          0.051549918949604034,
          0.05960363149642944,
          0.06700491160154343,
          0.07364810258150101
        ]
      ],
      [
        [
          0.035378120839595795,
          0.045203760266304016,
          0.05478895455598831,
          0.06350529193878174,
          0.07117757201194763,
          0.07766608893871307
        ]
      ],
      [
        [
          0.03654243424534798,
          0.047471486032009125,
          0.05786580592393875,
          0.06706517189741135,
          0.07475221902132034,
          0.08072583377361298
        ]
      ],
      [
        [
          0.03767699748277664,
          0.04966592788696289,
          0.0607718825340271,
          0.07026068866252899,
          0.07768291234970093,
          0.08275705575942993
        ]
      ]
    ],