{
  "compile_and_first_call_seconds": 10.414365265052766,
  "compiled_unit": "streaming_batched_ledh_pfpf_ot_lgssm_value",
  "cuda_visible_devices": "0",
  "device": "/GPU:0",
  "device_scope": "visible",
  "ess_by_time_preview": [
    126.47847122811353,
    127.99704703293118,
    127.99961302806948,
    127.99644007837998,
    127.99827338617081,
    127.9996047314706,
    127.99990910419089,
    127.9999776715764
  ],
  "expect_device_kind": "gpu",
  "filtered_means_preview": [
    -0.0010048725083429415,
    -0.0022161448035743726,
    0.01304825096844299,
    0.012726881108085866,
    0.02007156022961982,
    0.029645333917935036,
    0.012659470350595024,
    0.012647445582979516
  ],
  "filtered_variances_preview": [
    0.0019086702462928404,
    0.001989081556630125,
    0.0022657186567247856,
    0.001756783083863782,
    0.001756536488666814,
    0.001941861749367767,
    3.9467527521631256e-05,
    5.109559761835393e-05
  ],
  "finite_output": true,
  "gpu_memory_info_after": {
    "current": 19456,
    "peak": 303872
  },
  "gpu_memory_info_before": {
    "current": 17408,
    "peak": 17408
  },
  "history_shapes": {
    "ess_by_time": [
      12,
      1
    ],
    "filtered_means": [
      12,
      1,
      6
    ],
    "filtered_variances": [
      12,
      1,
      6
    ]
  },
  "host": "ubuntu-MZ72-HB2-00",
  "jit_compile": true,
  "log_likelihood_preview": [
    14.784108846197642
  ],
  "logical_gpus": [
    "LogicalDevice(name='/device:GPU:0', device_type='GPU')"
  ],
  "nonclaims": [
    "single synthetic LGSSM-shaped fixture only",
    "production/default target by owner directive",
    "no CPU/GPU ranking claim",
    "no posterior validity claim",
    "no active transport gradient validation claim",
    "no HMC readiness claim",
    "streaming removes dense transport storage but not all-pairs OT compute"
  ],
  "output_arrays": {
    "ess_by_time": [
      [
        126.47847122811353
      ],
      [
        127.99704703293118
      ],
      [
        127.99961302806948
      ],
      [
        127.99644007837998
      ],
      [
        127.99827338617081
      ],
      [
        127.9996047314706
      ],
      [
        127.99990910419089
      ],
      [
        127.9999776715764
      ],
      [
        127.99999512736692
      ],
      [
        127.99999955023736
      ],
      [
        127.99999897396837
      ],
      [
        127.99999182520925
      ]
    ],
    "filtered_means": [
      [
        [
          -0.0010048725083429415,
          -0.0022161448035743726,
          0.01304825096844299,
          0.012726881108085866,
          0.02007156022961982,
          0.029645333917935036
        ]
      ],
      [
        [
          0.012659470350595024,
          0.012647445582979516,
          0.021380410615715488,
          0.02173418100856513,
          0.0264339661797193,
          0.03251876056909733
        ]
      ],
      [
        [
          0.020295424962127377,
          0.021550632789530334,
          0.027514756616122477,
          0.028972359942494193,
          0.032876882568521365,
          0.03760343351795789
        ]
      ],
      [
        [
          0.024838044925575245,
          0.027372116332539338,
          0.032514405870979646,
          0.03521887466782479,
          0.03928467684592357,
          0.04381400970599651
        ]
      ],
      [
        [
          0.027760898060401273,
          0.03156717208616272,
          0.036871913780653374,
          0.040832412721914485,
          0.0455117577781519,
          0.05041382604358495
        ]
      ],
      [
        [
          0.02984035931253753,
          0.034902690132287854,
          0.04085423145814916,
          0.046011177664976824,
          0.05147044447648956,
          0.056958174470675506
        ]
      ],
      [
        [
          0.03148077567390763,
          0.03777764623238493,
          0.044595316692445416,
          0.050850047047731314,
          0.057086922443599156,
          0.06314907199080616
        ]
      ],
      [
        [
          0.03288854619407749,
          0.0403937728523833,
          0.04815333134602296,
          0.055380594046916545,
          0.06228769174118869,
          0.06876727503727201
        ]
      ],
      [
        [
          0.034169498411986195,
          0.04285244075836666,
          0.05154989538580166,
          0.05960362453842285,
          0.0670048393679829,
          0.07364810000855104
        ]
      ],
      [
        [
          0.03537810395887476,
          0.04520376342294892,
          0.054788946185232015,
          0.06350530096359824,
          0.07117751712990235,
          0.07766610854014504
        ]
      ],
      [
        [
          0.03654242541357311,
          0.04747150141350931,
          0.05786581376992189,
          0.06706519740223256,
          0.07475217077031751,
          0.08072587659730303
        ]
      ],
      [
        [
          0.03767698366059852,
          0.04966594598719497,
          0.06077189078380923,
          0.07026072290487986,
          0.07768287796777121,
          0.08275710403166338
        ]
      ]
    ],