{
  "batch_seeds": [
    81120,
    81121,
    81122,
    81123,
    81124
  ],
  "categorical_resampling_used": false,
  "connectivity_by_component": {
    "log_kappa_scale": true,
    "log_nu_scale": true,
    "log_obs_noise_scale": true
  },
  "cuda_visible_devices": null,
  "device": "/GPU:0",
  "device_scope": "visible",
  "elapsed_seconds": 49.5358144370839,
  "expect_device_kind": "gpu",
  "finite_difference_all_finite": true,
  "finite_difference_by_component": [
    {
      "central_difference": -133.3465576171875,
      "fd_step": 0.0005,
      "finite": true,
      "minus_objective": -124.86372375488281,
      "parameter": "log_kappa_scale",
      "plus_objective": -124.9970703125
    },
    {
      "central_difference": 102.61534881591797,
      "fd_step": 0.0005,
      "finite": true,
      "minus_objective": -124.86579895019531,
      "parameter": "log_nu_scale",
      "plus_objective": -124.76318359375
    },
    {
      "central_difference": 63.171382904052734,
      "fd_step": 0.0005,
      "finite": true,
      "minus_objective": -124.88655090332031,
      "parameter": "log_obs_noise_scale",
      "plus_objective": -124.82337951660156
    }
  ],
  "git_commit": "9bcad31f0d9b21731b3915083d86834b43730f51",
  "gpu_memory_info_after": {
    "current": 8650752,
    "peak": 50319872
  },
  "gpu_memory_info_before": {
    "current": 31488,
    "peak": 61184
  },
  "gradient": {
    "log_kappa_scale": -99.17129516601562,
    "log_nu_scale": 59.66067123413086,
    "log_obs_noise_scale": 49.01210403442383
  },
  "gradient_finite": true,
  "gradient_norm": 125.68423461914062,
  "gradient_values": [
    -99.17129516601562,
    59.66067123413086,
    49.01210403442383
  ],
  "host": "DESKTOP-RF1Q5IJ",
  "initial_particle_seed_policy": "P8j initial_sample with fixed batch seeds",
  "log_likelihood": [
    -125.23434448242188,
    -124.66862487792969,
    -124.27241516113281,
    -124.9706039428711,
    -125.11698150634766
  ],
  "logical_gpus": [
    "LogicalDevice(name='/device:GPU:0', device_type='GPU')"
  ],
  "monte_carlo_gradient_noise": {
    "log_kappa_scale": {
      "batch_size": 5,
      "max": 679.8484497070312,
      "mean": -98.75753021240234,
      "min": -373.3695983886719,
      "sample_sd_across_seed_contributions": 441.26788330078125,
      "standard_error_of_batch_mean": 197.3410186767578
    },
    "log_nu_scale": {
      "batch_size": 5,
      "max": 121.41291046142578,
      "mean": 59.55400466918945,
      "min": -141.90492248535156,
      "sample_sd_across_seed_contributions": 113.30339050292969,
      "standard_error_of_batch_mean": 50.67082214355469
    },
    "log_obs_noise_scale": {
      "batch_size": 5,
      "max": 66.05828857421875,
      "mean": 49.01238250732422,
      "min": 43.26042938232422,
      "sample_sd_across_seed_contributions": 9.575849533081055,
      "standard_error_of_batch_mean": 4.2824506759643555
    }
  },
  "nonclaims": [
    "P8p diagnostic parameterized SIR d18 target only",
    "not the fixed-parameter P8o leaderboard cell",
    "not stochastic PF marginal-gradient correctness",
    "not exact nonlinear likelihood correctness",
    "not HMC/NUTS readiness",
    "not posterior convergence",
    "not production/default readiness",
    "not Zhao-Cui TT/SIRT or MATLAB parity"
  ],
  "objective": -124.85260009765625,
  "output_devices": [
    "/job:localhost/replica:0/task:0/device:GPU:0",
    "/job:localhost/replica:0/task:0/device:GPU:0",
    "/job:localhost/replica:0/task:0/device:GPU:0"
  ],
  "per_seed_gradient_contributions": [
    [
      -349.3218994140625,
      118.5684814453125,
      45.71183776855469
    ],
    [
      -259.6378173828125,
      110.06159973144531,
      45.40219497680664
    ],
    [
      -191.3068389892578,
      89.6319580078125,
      44.6291618347168
    ],
    [
      -373.3695983886719,
      121.41291046142578,
      43.26042938232422
    ],
    [
      679.8484497070312,
      -141.90492248535156,
      66.05828857421875
    ]
  ],
  "phase": "P8p Phase 3b MC gradient noise diagnostic",
  "physical_gpus": [
    "PhysicalDevice(name='/physical_device:GPU:0', device_type='GPU')"
  ],
  "precision": {
    "active_dtype": "float32",
    "default_dtype": "float32",
    "default_tf32_mode": "enabled",
    "dtype": "float32",
    "fp64_reference_requires_explicit_dtype": true,
    "precision_default_policy": "experimental_ledh_pfpf_ot_gpu_tf32",
    "scope": "experimental_batched_ledh_pfpf_ot_gpu_performance_lane",
    "tf32_execution_enabled": true,
    "tf32_mode": "enabled",
    "tf_dtype": "float32"
  },
  "primary_pass": true,
  "process_noise_seed_policy": "tf.random.stateless_normal seed=[batch_seed, 1140 + time_index], independent of theta",
  "python_version": "3.11.14",
  "random_streams_fixed_across_theta": true,
  "relaxed_sinkhorn_ot_used": true,
  "repeat_atol": 1e-05,
  "repeat_evaluations": 1,
  "repeat_gradient_max_abs_delta": 0.0,
  "repeat_objectives": [
    -124.85260009765625
  ],
  "repeat_pass": true,
  "repeat_value_max_abs_delta": 0.0,
  "resampling_mask_fixed": true,
  "schema_version": "filter_bench.p8p_parameterized_sir_gradient.v1",
  "shape": {
    "batch_size": 5,
    "num_particles": 16,
    "obs_dim": 9,
    "parameter_dim": 3,
    "state_dim": 18,
    "time_steps": 3
  },
  "sir_semantics": {
    "actual_sir_callback_usage": "initial_sample, process/observation covariance callbacks, observation metadata, and route metadata",
    "actual_sir_callbacks_used": true,
    "adapter_classification": "BayesFilter DPF adapter for fixed-parameter SIR; not Zhao-Cui TT/SIRT source-faithfulness evidence",
    "experimental_streaming_adapter_route": "batched nonlinear-prior LEDH-PFPF-OT streaming adapter with fixed process covariance, not scalar Li-Coates Algorithm 1 UKF covariance lifecycle parity",
    "flow_observation_contract": "same_observation_gaussian_sir_infectious_components",
    "graph_compatible_sir_transition_copy_used": true,
    "graph_compatible_sir_transition_source": "bayesfilter.highdim.zhao_cui_sir_austria_model RK4 zhao_cui_sir_step equations, copied into TensorFlow graph form because the model validation path uses eager .numpy() checks",
    "nonlinear_prior_mean_hook_used": true,
    "observation_dimension": 9,
    "process_noise_policy": "clip_susceptible_after_noise",
    "row_id": "zhao_cui_spatial_sir_austria_j9_T20",
    "scalar_algorithm1_ukf_covariance_lifecycle_parity_claim": false,
    "state_dimension": 18,
    "target_density_used_for_correction": true
  },
  "status": "pass",
  "tensorflow_version": "2.19.1",
  "theta": {
    "log_kappa_scale": 0.02,
    "log_nu_scale": -0.01,
    "log_obs_noise_scale": 0.01
  },
  "theta_transform": {
    "kappa": "base_kappa * exp(log_kappa_scale)",
    "nu": "base_nu * exp(log_nu_scale)",
    "observation_covariance": "base_observation_covariance * exp(2 * log_obs_noise_scale)"
  },
  "theta_zero_p8j_parity": {
    "atol": 1e-05,
    "checked": true,
    "max_abs_delta": 0.0,
    "p8j_fixed_log_likelihood": [
      -119.92295837402344,
      -119.80982208251953,
      -118.94103240966797,
      -119.1834716796875,
      -120.83182525634766
    ],
    "p8p_theta_zero_log_likelihood": [
      -119.92295837402344,
      -119.80982208251953,
      -118.94103240966797,
      -119.1834716796875,
      -120.83182525634766
    ],
    "p8p_theta_zero_objective": -119.73783111572266,
    "pass": true,
    "value_delta": [
      0.0,
      0.0,
      0.0,
      0.0,
      0.0
    ]
  },
  "theta_zero_p8j_parity_checked": true,
  "theta_zero_p8j_value_delta_max_abs": 0.0,
  "timestamp_utc": "2026-06-18T15:45:00.149185+00:00",
  "transport": {
    "annealed_convergence_threshold": 0.001,
    "annealed_scaling": 0.9,
    "col_chunk_size": 16,
    "dense_transport_matrix_materialized": false,
    "gradient_mode": "raw",
    "particle_chunk_size": 16,
    "plan_mode": "streaming",
    "row_chunk_size": 16,
    "sinkhorn_epsilon": 1.0,
    "sinkhorn_iterations": 10
  },