{
  "cpu_gpu_status": "CPU-hidden with CUDA_VISIBLE_DEVICES=-1; not GPU evidence",
  "dtype": "float64",
  "records": [
    {
      "case": {
        "batch_size": 1,
        "col_chunk_size": 2,
        "num_particles": 4,
        "row_chunk_size": 2,
        "state_dim": 2,
        "steps": 0
      },
      "stopped_alpha": [
        [
          0.06633537286347882,
          -0.04467769213262021,
          -0.07252401924621425,
          -0.013335376275410218
        ]
      ],
      "stopped_beta": [
        [
          -0.011393961614930469,
          -0.07203660198391934,
          -0.04588384973766211,
          0.06341948852567511
        ]
      ],
      "total_alpha": [
        [
          0.06633537286347882,
          -0.04467769213262021,
          -0.07252401924621425,
          -0.013335376275410218
        ]
      ],
      "total_beta": [
        [
          -0.011393961614930469,
          -0.07203660198391934,
          -0.04588384973766211,
          0.06341948852567511
        ]
      ],
      "vjp_d_log_alpha": [
        [
          0.004235161284247449,
          0.0020032750795508183,
          -0.0009168431838235485,
          -0.005321593179974725
        ]
      ],
      "vjp_d_log_beta": [
        [
          0.0021893058377734746,
          0.00025309620203492044,
          -0.0007573910629703096,
          -0.001685010976838082
        ]
      ],
      "vjp_d_x": [
        [
          [
            0.01043429717015298,
            0.01043429717015298
          ],
          [
            0.0013859593222746542,
            0.0013859593222746531
          ],
          [
            0.0008733083479989442,
            0.0008733083479989443
          ],
          [
            0.008370771078159372,
            0.008370771078159369
          ]
        ]
      ]
    },
    {
      "case": {
        "batch_size": 2,
        "col_chunk_size": 3,
        "num_particles": 5,
        "row_chunk_size": 2,
        "state_dim": 2,
        "steps": 2
      },
      "stopped_alpha": [
        [
          0.0368322712202629,
          0.010437050815427699,
          0.0004962487174430952,
          0.0070142124494026155,
          0.030001935350385377
        ],
        [
          0.036772613537636493,
          0.010377980355286762,
          0.0004375262596998386,
          0.006955598518814798,
          0.02994319333499722
        ]
      ],
      "stopped_beta": [
        [
          0.03035689987543197,
          0.007188627295598402,
          0.0004884148636243635,
          0.010246073993499647,
          0.03645808023935452
        ],
        [
          0.03029812060086457,
          0.007130027140907861,
          0.000429757564841734,
          0.010187120448346325,
          0.036398591624101286
        ]
      ],
      "total_alpha": [
        [
          0.0368322712202629,
          0.010437050815427699,
          0.0004962487174430952,
          0.0070142124494026155,
          0.030001935350385377
        ],
        [
          0.036772613537636493,
          0.010377980355286762,
          0.0004375262596998386,
          0.006955598518814798,
          0.02994319333499722
        ]
      ],
      "total_beta": [
        [
          0.03035689987543197,
          0.007188627295598402,
          0.0004884148636243635,
          0.010246073993499647,
          0.03645808023935452
        ],
        [
          0.03029812060086457,
          0.007130027140907861,
          0.000429757564841734,
          0.010187120448346325,
          0.036398591624101286
        ]
      ],
      "vjp_d_log_alpha": [
        [
          0.010041617021501303,
          0.0103127677964551,
          0.010529691334405997,
          0.010682486851784264,
          0.01076457588474226
        ],
        [
          -0.00894152290293205,
          -0.009743429789966392,
          -0.010547509637389525,
          -0.011348688667193286,
          -0.012145154558074304
        ]
      ],
      "vjp_d_log_beta": [
        [
          -0.0048789977320998,
          -0.005034518111111281,
          -0.00509980753222909,
          -0.005082144194665343,
          -0.004992226874338956
        ],
        [
          0.0071169923234471605,
          0.006794811985146951,
          0.0064168644874861794,
          0.005988072981212577,
          0.005516563778262683
        ]
      ],
      "vjp_d_x": [
        [
          [
            0.008531921697044288,
            0.00853192169704429
          ],
          [
            0.003104264771626951,
            0.0031042647716269514
          ],
          [
            0.00020100934862250734,
            0.00020100934862250726
          ],
          [
            -0.00016445605512349545,
            -0.00016445605512349523
          ],
          [
            0.002022181642734765,
            0.002022181642734765
          ]
        ],
        [
          [
            0.0012777368051653769,
            0.001277736805165377
          ],
          [
            -0.0006151121096309026,
            -0.0006151121096309021
          ],
          [
            -0.00019892314071495338,
            -0.00019892314071495506
          ],
          [
            0.0024949757811811414,
            0.0024949757811811423
          ],
          [
            0.007433170450112487,
            0.007433170450112487
          ]
        ]
      ]
    }
  ],
  "schema_version": "ledh_clean_xla_phase5_preedit_sinkhorn_fixture.v1"
}
