seed,runtime_seconds,log_likelihood,repeat_log_likelihood,repeat_value_abs_delta,gradient,repeat_gradient,finite_difference_gradient,gradient_l2_norm,gradient_max_abs_fd_residual,repeat_gradient_max_abs_delta,finite,gradient_finite,ess_min,ess_mean,coordinate,route_variant,randomness_contract
81120,1.362445,-7.265413363617757,-7.265413363617757,0.0,"[-1.8096119393938648, 1.4234008757129233]","[-1.8096119393938648, 1.4234008757129233]","[-1.809611940082334, 1.4234008724978153]",2.302339120150883,3.2151079576436814e-09,0.0,True,True,3.424069813670289,5.571344110845175,canonical_unconstrained,p8g_sv_scalar_graph,stateless_normals_precomputed_outside_xla_seed_salts_110_and_1110_plus_t
81121,0.064081,-8.791352657278416,-8.791352657278416,0.0,"[-1.8571161504154237, 0.2738545761796397]","[-1.8571161504154237, 0.2738545761796397]","[-1.85711614809847, 0.27385458037265664]",1.877199170314203,4.1930169336623635e-09,0.0,True,True,2.8323675511710733,4.66423811119467,canonical_unconstrained,p8g_sv_scalar_graph,stateless_normals_precomputed_outside_xla_seed_salts_110_and_1110_plus_t
