{
  "cases": [
    {
      "average_log_likelihood": -33.220317451255625,
      "beta": 0.9,
      "case_id": "actual_sv_moderate_persistence",
      "gamma": 0.55,
      "max_factor_derivative_residual": 6.938893903907228e-18,
      "max_factor_reconstruction_residual": 1.000019511643302e-12,
      "max_innovation_solve_residual": 4.440892098500626e-16,
      "pass_by_coordinate": [
        true,
        true
      ],
      "passed": true,
      "score_mean": [
        -2.233151009498723e-18,
        0.7617340251689206
      ],
      "score_parameterization": [
        "theta_gamma",
        "theta_beta"
      ],
      "score_sample_sd": [
        8.091334638521841e-18,
        4.904256285913173
      ],
      "score_standard_error": [
        2.5587046768344207e-18,
        1.5508620092683576
      ],
      "score_z": [
        -0.8727662202351283,
        0.4911681507552565
      ],
      "seeds": [
        0,
        1,
        2,
        3,
        4,
        5,
        6,
        7,
        8,
        9
      ],
      "sigma": 0.22,
      "time_count": 25
    },
    {
      "average_log_likelihood": -40.403564226885976,
      "beta": 1.1,
      "case_id": "actual_sv_higher_persistence",
      "gamma": 0.75,
      "max_factor_derivative_residual": 5.551115123125783e-17,
      "max_factor_reconstruction_residual": 1.0000333894311098e-12,
      "max_innovation_solve_residual": 8.881784197001252e-16,
      "pass_by_coordinate": [
        true,
        true
      ],
      "passed": true,
      "score_mean": [
        8.238927062320394e-18,
        5.094692803322063
      ],
      "score_parameterization": [
        "theta_gamma",
        "theta_beta"
      ],
      "score_sample_sd": [
        2.573794169326743e-17,
        9.30778738221725
      ],
      "score_standard_error": [
        8.13905180353359e-18,
        2.9433808104382724
      ],
      "score_z": [
        1.0122711172256507,
        1.7308982871854282
      ],
      "seeds": [
        0,
        1,
        2,
        3,
        4,
        5,
        6,
        7,
        8,
        9
      ],
      "sigma": 0.35,
      "time_count": 25
    }
  ],
  "command": "CUDA_VISIBLE_DEVICES=-1 python docs/benchmarks/benchmark_actual_sv_srukf_phase7_ladder.py",
  "cpu_gpu_status": "CPU-only; CUDA_VISIBLE_DEVICES=-1 set before TensorFlow import by caller",
  "git_commit": "ef119f8",
  "nonclaims": [
    "not exact actual-SV likelihood",
    "not same-target transformed likelihood",
    "not leaderboard admission",
    "not HMC readiness",
    "not GPU/XLA readiness"
  ],
  "passed": true,
  "schema_version": "actual_sv_srukf_phase7_score_true.v1",
  "wall_time_seconds": 6.5905412789434195
}
