{
  "completed": [
    {
      "max_abs_fd_z": 441.06424461688147,
      "max_row_residual": 1.4185905456542969e-05,
      "steps": 10
    }
  ],
  "elapsed_seconds": 383.199002857029,
  "stage": "budget_started",
  "steps": 100
}
