{
  "col_chunk_size": 2,
  "dtype": "float64",
  "epsilon0_custom_gradient": 4.113532015233463e-05,
  "epsilon0_stopped_gradient": 0.0,
  "epsilon0_total_tape_gradient": 4.113532015233492e-05,
  "execution_class": "cpu_tiny_primitive_validation",
  "fd_directional_abs_errors": {
    "epsilon0": 2.5253430770906966e-13,
    "logw": 8.481896554470708e-14,
    "particles": 3.238847991887672e-14,
    "scaled_x": 1.4485396389318783e-13
  },
  "fd_directional_values": {
    "epsilon0": 7.815713354286656e-07,
    "logw": -7.142250818548135e-05,
    "particles": 0.00034301603502040473,
    "scaled_x": 0.0005657622243089577
  },
  "max_fd_error": 2.5253430770906966e-13,
  "max_stopped_gap": 0.002199091916697652,
  "max_tape_error": 5.204170427930421e-18,
  "nonclaims": [
    "no_p8p_regression_admission",
    "no_lgssm_score_admission",
    "no_gpu_xla_evidence",
    "no_hmc_readiness"
  ],
  "route": "manual_streaming_total_finite_sinkhorn_no_tape_candidate",
  "row_chunk_size": 2,
  "same_scalar_value_gap": 0.0,
  "steps": 2,
  "stopped_route_vs_total_tape_max_abs_gaps": {
    "epsilon0": 4.113532015233492e-05,
    "logw": 5.204170427930421e-18,
    "particles": 0.0,
    "scaled_x": 0.002199091916697652
  },
  "tape_max_abs_errors": {
    "epsilon0": 2.913793338554793e-19,
    "logw": 5.204170427930421e-18,
    "particles": 0.0,
    "scaled_x": 3.469446951953614e-18
  },
  "tolerances": {
    "fd_atol": 5e-05,
    "fd_step": 1e-05,
    "negative_min_gap": 1e-06,
    "tape_atol": 1e-08
  },
  "vjp_directional_values": {
    "epsilon0": 7.815710828943579e-07,
    "logw": -7.142250810066238e-05,
    "particles": 0.0003430160350527932,
    "scaled_x": 0.0005657622244538117
  }
}
