{
  "device": {
    "cuda_visible_devices": "0",
    "device_scope": "visible",
    "logical_gpus": [
      "LogicalDevice(name='/device:GPU:0', device_type='GPU')"
    ],
    "physical_gpus": [
      "PhysicalDevice(name='/physical_device:GPU:0', device_type='GPU')"
    ],
    "tf32_execution_enabled": true,
    "xla": true
  },
  "elapsed_seconds": 38.67612892098259,
  "gate": {
    "fixture_gates": [
      {
        "conditioning_ok": true,
        "covariance_restoration_ok": true,
        "finite_base": true,
        "kalman_value": -13.784138554721768,
        "parameter_gates": [
          {
            "delta_to_kalman": -0.06079452640635097,
            "gradient_mcse": 0.01613431708224228,
            "gradient_mean": -5.032491159439087,
            "gradient_sd": 0.05102119047124783,
            "kalman_gradient": -4.971696633032736,
            "parameter": "ar_coefficient",
            "within_2_gradient_mcse_of_kalman": false,
            "z_over_gradient_mcse": -3.7680260091865008
          },
          {
            "delta_to_kalman": -0.0044425010311819335,
            "gradient_mcse": 0.002268506971861065,
            "gradient_mean": -3.936873960494995,
            "gradient_sd": 0.007173648919052465,
            "kalman_gradient": -3.932431459463813,
            "parameter": "log_transition_variance",
            "within_2_gradient_mcse_of_kalman": true,
            "z_over_gradient_mcse": -1.958336953021282
          },
          {
            "delta_to_kalman": -0.008509109090566902,
            "gradient_mcse": 0.0027884327466259954,
            "gradient_mean": -5.511691665649414,
            "gradient_sd": 0.00881779858153734,
            "kalman_gradient": -5.503182556558847,
            "parameter": "log_observation_variance",
            "within_2_gradient_mcse_of_kalman": false,
            "z_over_gradient_mcse": -3.051574078974265
          }
        ],
        "ridge_ok": true,
        "setting": "eps0.55_steps2",
        "state_dim": 2,
        "status": "fail",
        "value_delta_to_kalman": -0.012918215602939043,
        "value_mcse": 0.0062925225612240395,
        "value_mean": -13.797056770324707,
        "value_sd": 0.019898703521464296,
        "value_within_2_mcse_of_kalman": false,
        "value_z_over_mcse": -2.052947045838824
      },
      {
        "conditioning_ok": true,
        "covariance_restoration_ok": true,
        "finite_base": true,
        "kalman_value": -6.914505014954087,
        "parameter_gates": [
          {
            "delta_to_kalman": -0.044582491199147256,
            "gradient_mcse": 0.00980387349973959,
            "gradient_mean": -2.525207042694092,
            "gradient_sd": 0.031002570151343292,
            "kalman_gradient": -2.4806245514949445,
            "parameter": "ar_coefficient",
            "within_2_gradient_mcse_of_kalman": false,
            "z_over_gradient_mcse": -4.547436398514471
          },
          {
            "delta_to_kalman": 0.0005197363476783234,
            "gradient_mcse": 0.0008835117644756407,
            "gradient_mean": -1.9523685932159425,
            "gradient_sd": 0.0027939095152972656,
            "kalman_gradient": -1.9528883295636208,
            "parameter": "log_transition_variance",
            "within_2_gradient_mcse_of_kalman": true,
            "z_over_gradient_mcse": 0.5882619435031339
          },
          {
            "delta_to_kalman": -0.006196962970141939,
            "gradient_mcse": 0.0016058762670218135,
            "gradient_mean": -2.7480137586593627,
            "gradient_sd": 0.0050782266441976726,
            "kalman_gradient": -2.7418167956892208,
            "parameter": "log_observation_variance",
            "within_2_gradient_mcse_of_kalman": false,
            "z_over_gradient_mcse": -3.858929294493249
          }
        ],
        "ridge_ok": true,
        "setting": "eps0.55_steps2",
        "state_dim": 1,
        "status": "fail",
        "value_delta_to_kalman": -0.0037704367060689137,
        "value_mcse": 0.002571848276326227,
        "value_mean": -6.918275451660156,
        "value_sd": 0.008132898349568981,
        "value_within_2_mcse_of_kalman": true,
        "value_z_over_mcse": -1.466041656024444
      }
    ],
    "gpu_visible": true,
    "manual_score_route": true,
    "primary_criterion": "GPU/XLA/TF32 batched Contract E seed-mean value and score are within 2 MCSE of exact FP64 Kalman for every requested fixture.",
    "route_ok": true,
    "status": "failed",
    "tf32_execution_enabled": true,
    "xla_enabled": true
  },
  "host": "DESKTOP-RF1Q5IJ",
  "manifest": {
    "chol_ridge_abs": 1e-10,
    "chol_ridge_escalation": 10.0,
    "chol_ridge_max_attempts": 12,
    "chol_ridge_rel": 1e-08,
    "condition_limit": 100000000.0,
    "contract_e_reset_factorization": "cholesky-ridge",
    "contract_e_residual_seed_schedule": "seed indices 9100..9109; residual seeds [seed,43+t] for t=0..9",
    "covariance_residual_limit": 0.0005,
    "initial_transition_seed_schedule": "seed indices 9100..9109; initial seeds [seed,17]; transition seeds [seed,29]",
    "num_particles": 1000,
    "reverse_contract_e_gradient_probe": "full",
    "reverse_gradient_route": "manual reverse scan of per-seed Contract E scalars with explicit transport/reset/normalization/log-density/LEDH-flow VJPs; no outer GradientTape score wrapper and no FD ladder in this runner",
    "rho": 1.0,
    "route": "gpu_xla_tf32_batched_contract_e_manual_reverse_scan_score_diagnostic",
    "score_route": "manual-reverse-scan",
    "seed_count": 10,
    "settings": [
      {
        "epsilon": 0.55,
        "label": "eps0.55_steps2",
        "steps": 2
      }
    ],
    "spectral_floor": 1e-06,
    "state_dims": [
      2,
      1
    ],
    "tau": 1e-06,
    "theta": [
      0.7200000286102295,
      -1.5141277313232422,
      -1.2039728164672852
    ],
    "time_steps": 10
  },
  "nonclaims": [
    "not CPU LEDH evidence",
    "not same-scalar FD evidence",
    "not SIR/SV/nonlinear correctness",
    "not HMC readiness",
    "not production readiness"
  ],
  "plan": "docs/plans/bayesfilter-ledh-pfpf-ot-contract-e-phase3-r12-gpu-xla-manual-score-route-plan-2026-06-30.md",
  "python_version": "3.11.14",
  "records": [
    {
      "base": {
        "diagnostics": {
          "any_ridge_failure": false,
          "gap_diagnostic_label": "min residual Cholesky diagonal of sym(target_cov - plus_cov)+lambda I",
          "max_column_residual": 1.0728836059570312e-06,
          "max_covariance_relative_residual": 3.047023540148075e-07,
          "max_mean_linf_residual": 2.9802322387695312e-08,
          "max_realized_ridge": 2.060866144404372e-09,
          "max_ridge_attempts_used": 1,
          "max_row_residual": 0.956566333770752,
          "max_tilde_condition": 1.1385992765426636,
          "min_gap_eig": 0.3153519034385681,
          "min_rank_margin": 0.3153519034385681,
          "min_tilde_positive_eig": 0.35231950879096985,
          "rank_margin_diagnostic_label": "legacy field: repeats min residual Cholesky diagonal under cholesky-ridge",
          "tilde_positive_diagnostic_label": "min Cholesky diagonal of tilde_cov+lambda I"
        },
        "gradient": {
          "kalman": [
            -4.971696633032736,
            -3.932431459463813,
            -5.503182556558847
          ],
          "mcse": [
            0.01613431708224228,
            0.002268506971861065,
            0.0027884327466259954
          ],
          "mean": [
            -5.032491159439087,
            -3.936873960494995,
            -5.511691665649414
          ],
          "sd": [
            0.05102119047124783,
            0.007173648919052465,
            0.00881779858153734
          ],