{
  "completed": [
    {
      "max_abs_fd_z": 362.54378733987676,
      "max_row_residual": 1.4722347259521484e-05,
      "steps": 10
    }
  ],
  "elapsed_seconds": 2012.1867197409738,
  "stage": "budget_started",
  "steps": 100
}
