seed,runtime_seconds,log_likelihood,repeat_log_likelihood,repeat_value_abs_delta,gradient,repeat_gradient,finite_difference_gradient,gradient_l2_norm,gradient_max_abs_fd_residual,repeat_gradient_max_abs_delta,finite,gradient_finite,ess_min,ess_mean,coordinate,route_variant,randomness_contract
81120,2.568887,-7.2654133636177605,-7.2654133636177605,0.0,"[-1.8096119393938643, 1.4234008757129226]","[-1.8096119393938643, 1.4234008757129226]","[-1.8096119400912158, 1.4234008724978153]",2.302339120150882,3.2151072915098666e-09,0.0,True,True,3.42406981367029,5.571344110845176,canonical_unconstrained,p8g_sv_scalar_graph,stateless_normals_precomputed_outside_xla_seed_salts_110_and_1110_plus_t
81121,0.754296,-8.791352657278416,-8.791352657278416,0.0,"[-1.8571161504154234, 0.2738545761796399]","[-1.8571161504154234, 0.2738545761796399]","[-1.85711614809847, 0.2738545803815384]",1.877199170314203,4.201898551325911e-09,0.0,True,True,2.8323675511710706,4.664238111194667,canonical_unconstrained,p8g_sv_scalar_graph,stateless_normals_precomputed_outside_xla_seed_salts_110_and_1110_plus_t
