{
  "completed": [
    {
      "max_abs_fd_z": 362.54378733987676,
      "max_row_residual": 1.4722347259521484e-05,
      "steps": 10
    }
  ],
  "elapsed_seconds": 1611.4126117810374,
  "stage": "budget_complete",
  "steps": 10
}
