{
  "compile_and_first_call_seconds": 9.888926413841546,
  "compiled_unit": "streaming_batched_ledh_pfpf_ot_lgssm_value",
  "cuda_visible_devices": "0",
  "device": "/GPU:0",
  "device_scope": "visible",
  "ess_by_time_preview": [
    126.93607330322266,
    127.99801635742188,
    128.00001525878906,
    127.99958801269531,
    127.99322509765625,
    127.99748229980469,
    127.99929809570312,
    127.99986267089844
  ],
  "expect_device_kind": "gpu",
  "filtered_means_preview": [
    -0.0044645387679338455,
    0.008014418184757233,
    0.012165006250143051,
    0.013750779442489147,
    0.02302122488617897,
    0.025121191516518593,
    0.010874523781239986,
    0.018053902313113213
  ],
  "filtered_variances_preview": [
    0.0015107567887753248,
    0.0017506224103271961,
    0.001685989205725491,
    0.0017182879382744431,
    0.0018036614637821913,
    0.002048487775027752,
    2.6611463908920996e-05,
    4.7746390919201076e-05
  ],
  "finite_output": true,
  "gpu_memory_info_after": {
    "current": 11264,
    "peak": 166144
  },
  "gpu_memory_info_before": {
    "current": 9728,
    "peak": 9728
  },
  "history_shapes": {
    "ess_by_time": [
      12,
      1
    ],
    "filtered_means": [
      12,
      1,
      6
    ],
    "filtered_variances": [
      12,
      1,
      6
    ]
  },
  "host": "ubuntu-MZ72-HB2-00",
  "jit_compile": true,
  "log_likelihood_preview": [
    14.803861618041992
  ],
  "logical_gpus": [
    "LogicalDevice(name='/device:GPU:0', device_type='GPU')"
  ],
  "nonclaims": [
    "single synthetic LGSSM-shaped fixture only",
    "production/default target by owner directive",
    "no CPU/GPU ranking claim",
    "no posterior validity claim",
    "no active transport gradient validation claim",
    "no HMC readiness claim",
    "streaming removes dense transport storage but not all-pairs OT compute"
  ],
  "output_arrays": {
    "ess_by_time": [
      [
        126.93607330322266
      ],
      [
        127.99801635742188
      ],
      [
        128.00001525878906
      ],
      [
        127.99958801269531
      ],
      [
        127.99322509765625
      ],
      [
        127.99748229980469
      ],
      [
        127.99929809570312
      ],
      [
        127.99986267089844
      ],
      [
        127.99990844726562
      ],
      [
        128.00001525878906
      ],
      [
        127.99996948242188
      ],
      [
        127.99995422363281
      ]
    ],
    "filtered_means": [
      [
        [
          -0.0044645387679338455,
          0.008014418184757233,
          0.012165006250143051,
          0.013750779442489147,
          0.02302122488617897,
          0.025121191516518593
        ]
      ],
      [
        [
          0.010874523781239986,
          0.018053902313113213,
          0.02082103304564953,
          0.022293247282505035,
          0.0280784722417593,
          0.02995552308857441
        ]
      ],
      [
        [
          0.019377119839191437,
          0.024406615644693375,
          0.02716956101357937,
          0.029275860637426376,
          0.03378717228770256,
          0.03615027666091919
        ]
      ],
      [
        [
          0.024356748908758163,
          0.02887078933417797,
          0.03229218348860741,
          0.035369839519262314,
          0.039772771298885345,
          0.04297087341547012
        ]
      ],
      [
        [
          0.02753162942826748,
          0.03238081932067871,
          0.03676481544971466,
          0.040942251682281494,
          0.04581378400325775,
          0.04996984452009201
        ]
      ],
      [
        [
          0.029732242226600647,
          0.035343799740076065,
          0.040803469717502594,
          0.046086229383945465,
          0.05165517330169678,
          0.056725502014160156
        ]
      ],
      [
        [
          0.03142891451716423,
          0.0380147360265255,
          0.04456963762640953,
          0.05089684575796127,
          0.057196035981178284,
          0.06302455067634583
        ]
      ],
      [
        [
          0.03286302462220192,
          0.040520068258047104,
          0.04813915491104126,
          0.055407848209142685,
          0.06235014647245407,
          0.06869877874851227
        ]
      ],
      [
        [
          0.03415679931640625,
          0.04291944578289986,
          0.051541782915592194,
          0.05961906164884567,
          0.06704011559486389,
          0.07360990345478058
        ]
      ],
      [
        [
          0.03537176549434662,
          0.04523923620581627,
          0.054784249514341354,
          0.06351393461227417,
          0.07119731605052948,
          0.07764464616775513
        ]
      ],
      [
        [
          0.036539226770401,
          0.047490209341049194,
          0.0578630305826664,
          0.06706991791725159,
          0.07476317137479782,
          0.0807136595249176
        ]
      ],
      [
        [
          0.03767528012394905,
          0.04967567324638367,
          0.060770079493522644,
          0.0702630802989006,
          0.07768873870372772,
          0.08274984359741211
        ]
      ]
    ],