{
  "compile_and_first_call_seconds": 10.7030902558472,
  "compiled_unit": "streaming_batched_ledh_pfpf_ot_lgssm_value",
  "cuda_visible_devices": "0",
  "device": "/GPU:0",
  "device_scope": "visible",
  "ess_by_time_preview": [
    126.93622589111328,
    127.99809265136719,
    127.99993896484375,
    127.99958801269531,
    127.99325561523438,
    127.99737548828125,
    127.99920654296875,
    127.99984741210938
  ],
  "expect_device_kind": "gpu",
  "filtered_means_preview": [
    -0.004458214156329632,
    0.008015075698494911,
    0.012165365740656853,
    0.013750210404396057,
    0.02301906794309616,
    0.025120671838521957,
    0.010879302397370338,
    0.018055450171232224
  ],
  "filtered_variances_preview": [
    0.001509988447651267,
    0.0017508285818621516,
    0.0016848188824951649,
    0.0017173660453408957,
    0.0018023285083472729,
    0.0020498954690992832,
    2.6524281565798447e-05,
    4.770791929331608e-05
  ],
  "finite_output": true,
  "gpu_memory_info_after": {
    "current": 11264,
    "peak": 67154688
  },
  "gpu_memory_info_before": {
    "current": 9728,
    "peak": 9728
  },
  "history_shapes": {
    "ess_by_time": [
      12,
      1
    ],
    "filtered_means": [
      12,
      1,
      6
    ],
    "filtered_variances": [
      12,
      1,
      6
    ]
  },
  "host": "ubuntu-MZ72-HB2-00",
  "jit_compile": true,
  "log_likelihood_preview": [
    14.801948547363281
  ],
  "logical_gpus": [
    "LogicalDevice(name='/device:GPU:0', device_type='GPU')"
  ],
  "nonclaims": [
    "single synthetic LGSSM-shaped fixture only",
    "production/default target by owner directive",
    "no CPU/GPU ranking claim",
    "no posterior validity claim",
    "no active transport gradient validation claim",
    "no HMC readiness claim",
    "streaming removes dense transport storage but not all-pairs OT compute"
  ],
  "output_arrays": {
    "ess_by_time": [
      [
        126.93622589111328
      ],
      [
        127.99809265136719
      ],
      [
        127.99993896484375
      ],
      [
        127.99958801269531
      ],
      [
        127.99325561523438
      ],
      [
        127.99737548828125
      ],
      [
        127.99920654296875
      ],
      [
        127.99984741210938
      ],
      [
        127.99993896484375
      ],
      [
        127.99996948242188
      ],
      [
        127.99995422363281
      ],
      [
        128.00001525878906
      ]
    ],
    "filtered_means": [
      [
        [
          -0.004458214156329632,
          0.008015075698494911,
          0.012165365740656853,
          0.013750210404396057,
          0.02301906794309616,
          0.025120671838521957
        ]
      ],
      [
        [
          0.010879302397370338,
          0.018055450171232224,
          0.020821109414100647,
          0.022290214896202087,
          0.028072405606508255,
          0.029955938458442688
        ]
      ],
      [
        [
          0.019379669800400734,
          0.024409271776676178,
          0.02716705948114395,
          0.029270585626363754,
          0.03377782553434372,
          0.03615314140915871
        ]
      ],
      [
        [
          0.024357061833143234,
          0.028875190764665604,
          0.03228709474205971,
          0.0353618785738945,
          0.039761725813150406,
          0.04297522455453873
        ]
      ],
      [
        [
          0.02753019705414772,
          0.03238633647561073,
          0.036758437752723694,
          0.04093218967318535,
          0.04579978436231613,
          0.049976907670497894
        ]
      ],
      [
        [
          0.029728848487138748,
          0.03535047173500061,
          0.040792807936668396,
          0.04607200250029564,
          0.051641687750816345,
          0.05673819035291672
        ]
      ],
      [
        [
          0.03142697364091873,
          0.03802300617098808,
          0.0445634126663208,
          0.05088324844837189,
          0.05717191845178604,
          0.06304120272397995
        ]
      ],
      [
        [
          0.032856620848178864,
          0.040526047348976135,
          0.048136379569768906,
          0.05540072172880173,
          0.06233257055282593,
          0.06871526688337326
        ]
      ],
      [
        [
          0.034153491258621216,
          0.042928941547870636,
          0.05153723806142807,
          0.0596131905913353,
          0.06700820475816727,
          0.07364176213741302
        ]
      ],
      [
        [
          0.03536752611398697,
          0.045247673988342285,
          0.054768964648246765,
          0.06350916624069214,
          0.07115718722343445,
          0.07768688350915909
        ]
      ],
      [
        [
          0.03653515502810478,
          0.04750283062458038,
          0.05784286558628082,
          0.06705740839242935,
          0.07472696155309677,
          0.08073914796113968
        ]
      ],
      [
        [
          0.037677567452192307,
          0.04968409985303879,
          0.060754165053367615,
          0.0702478215098381,
          0.07766832411289215,
          0.08277206867933273
        ]
      ]
    ],