{
  "compile_and_first_call_seconds": 10.3835364789702,
  "compiled_unit": "streaming_batched_ledh_pfpf_ot_lgssm_value",
  "cuda_visible_devices": "0",
  "device": "/GPU:0",
  "device_scope": "visible",
  "ess_by_time_preview": [
    126.93613873383943,
    127.99803884756325,
    127.99995919278261,
    127.99955420123148,
    127.99320455993215,
    127.99745718564124,
    127.99932658480706,
    127.99986979633053
  ],
  "expect_device_kind": "gpu",
  "filtered_means_preview": [
    -0.0044645346471125615,
    0.00801441700740351,
    0.012165001403302119,
    0.013750778696003996,
    0.02302121054515285,
    0.025121189765930474,
    0.01087452309605055,
    0.01805390122935747
  ],
  "filtered_variances_preview": [
    0.0015107554753991325,
    0.0017506221023849068,
    0.0016859886486678632,
    0.0017182876902755012,
    0.0018036593110025818,
    0.002048487684131339,
    2.6611379665055864e-05,
    4.774634315096504e-05
  ],
  "finite_output": true,
  "gpu_memory_info_after": {
    "current": 19456,
    "peak": 303872
  },
  "gpu_memory_info_before": {
    "current": 17408,
    "peak": 17408
  },
  "history_shapes": {
    "ess_by_time": [
      12,
      1
    ],
    "filtered_means": [
      12,
      1,
      6
    ],
    "filtered_variances": [
      12,
      1,
      6
    ]
  },
  "host": "ubuntu-MZ72-HB2-00",
  "jit_compile": true,
  "log_likelihood_preview": [
    14.803852377700569
  ],
  "logical_gpus": [
    "LogicalDevice(name='/device:GPU:0', device_type='GPU')"
  ],
  "nonclaims": [
    "single synthetic LGSSM-shaped fixture only",
    "production/default target by owner directive",
    "no CPU/GPU ranking claim",
    "no posterior validity claim",
    "no active transport gradient validation claim",
    "no HMC readiness claim",
    "streaming removes dense transport storage but not all-pairs OT compute"
  ],
  "output_arrays": {
    "ess_by_time": [
      [
        126.93613873383943
      ],
      [
        127.99803884756325
      ],
      [
        127.99995919278261
      ],
      [
        127.99955420123148
      ],
      [
        127.99320455993215
      ],
      [
        127.99745718564124
      ],
      [
        127.99932658480706
      ],
      [
        127.99986979633053
      ],
      [
        127.99997526944321
      ],
      [
        127.99999637582853
      ],
      [
        127.99999961932858
      ],
      [
        127.99998886459517
      ]
    ],
    "filtered_means": [
      [
        [
          -0.0044645346471125615,
          0.00801441700740351,
          0.012165001403302119,
          0.013750778696003996,
          0.02302121054515285,
          0.025121189765930474
        ]
      ],
      [
        [
          0.01087452309605055,
          0.01805390122935747,
          0.02082102531343366,
          0.022293246421084052,
          0.02807844874468162,
          0.02995552164921634
        ]
      ],
      [
        [
          0.019377119362246904,
          0.02440661998870649,
          0.027169559574677864,
          0.029275864126612212,
          0.03378715405692151,
          0.036150286828124975
        ]
      ],
      [
        [
          0.02435674681074363,
          0.028870797447869672,
          0.03229218586122713,
          0.03536984997485982,
          0.03977274981921683,
          0.0429708947094144
        ]
      ],
      [
        [
          0.027531621827228424,
          0.03238082403508773,
          0.03676481352966074,
          0.040942260951611735,
          0.045813759401022294,
          0.0499698604865267
        ]
      ],
      [
        [
          0.029732235752274787,
          0.03534380613400723,
          0.04080346916490647,
          0.04608623907874492,
          0.05165514405029137,
          0.056725523312830706
        ]
      ],
      [
        [
          0.031428899897560224,
          0.03801473240898822,
          0.044569627278254184,
          0.050896847790596805,
          0.05719598978624585,
          0.06302456034607137
        ]
      ],
      [
        [
          0.03286300607110909,
          0.04052006869234949,
          0.048139142270463446,
          0.055407846625798174,
          0.0623500934067581,
          0.06869879238739973
        ]
      ],
      [
        [
          0.03415677513648452,
          0.04291943997000967,
          0.05154176115707805,
          0.05961905444918594,
          0.06704004509350958,
          0.07360990677110486
        ]
      ],
      [
        [
          0.03537174229005556,
          0.04523923964091196,
          0.05478423387016365,
          0.06351393338483403,
          0.07119725462581289,
          0.07764466067132957
        ]
      ],
      [
        [
          0.03653920391883448,
          0.04749021225273397,
          0.05786301232906104,
          0.06706991285539803,
          0.07476309813911233,
          0.08071366755682521
        ]
      ],
      [
        [
          0.037675253165189396,
          0.049675668386322994,
          0.06077005943464861,
          0.07026307481397347,
          0.07768866226235652,
          0.08274984805008566
        ]
      ]
    ],