{
  "device": "cpu",
  "elapsed_seconds": 90.52287261001766,
  "final_loss": 2.8998086112483943,
  "final_raw_scale": [
    -0.14454112323929563,
    -0.4420155749001639
  ],
  "final_shift": [
    0.05879579344231352,
    -1.4124877149185824
  ],
  "initial_loss": 4.306675201586221,
  "initial_raw_scale": [
    -1.3862943611198906,
    -1.3862943611198906
  ],
  "initial_shift": [
    0.2,
    -1.05
  ],
  "loss_history": [
    4.306675201586221,
    4.16983611415819,
    4.132723876881588,
    4.084301569839674,
    3.994412361057658,
    3.867549856941747,
    3.826122304902178,
    3.7701140621462885,
    3.760512500335441,
    3.7282820279188957,
    3.714177548597591,
    3.6066201397376094,
    3.5477560785054054,
    3.4959231194350453,
    3.5116263489972956,
    3.346720798139472,
    3.335787338813611,
    3.280716418546575,
    3.3688789688210017,
    3.2698556891546517,
    3.218463890890754,
    3.172630002811931,
    3.160039867184226,
    3.121284942929304,
    3.0870199241129277,
    2.9435198569275327,
    3.0187343225414462,
    2.980783712784831,
    3.0630076101401285,
    2.9976276967958535,
    2.9110036550385985,
    2.935256324768436,
    3.149466463939632,
    2.845738452466888,
    3.018059973831555,
    3.068312768653368,
    2.7748766797952498,
    2.9444821668338026,
    3.078012121981591,
    2.8520755583849495,
    3.0522375482818855,
    2.7572810841004136,
    3.0257110322741196,
    3.081392671801277,
    2.8623608769159006,
    2.7172673958092677,
    2.727507730114474,
    3.0198153472736324,
    2.9536425960425094,
    2.958242890673384,
    2.8403487391449938,
    2.9167301997149946,
    2.92071244793311,
    2.99973493366904,
    3.158599281299271,
    2.8781064251311657,
    2.874936447285042,
    2.970145528175723,
    2.736350197406783,
    3.04314946024044,
    3.1323413024170765,
    2.743142394249266,
    2.863683423306048,
    2.827809382517544,
    2.8684959006026802,
    3.0291055234059723,
    2.809798211713278,
    2.966743375805244,
    3.243235994038948,
    3.0130966901723077,
    2.8984559047937575,
    2.919563373342947,
    2.903332778322115,
    2.888735359674004,
    2.8400079595984997,
    2.7546520107701102,
    2.719813202414893,
    3.0266177797386598,
    2.983368737045461,
    2.8998086112483943
  ],
  "nonclaims": [
    "tiny CPU-only affine LGSSM NeuTra-style training fixture",
    "no dense IAF training claim",
    "no HMC convergence claim",
    "no posterior correctness claim",
    "no sampler superiority claim",
    "no production readiness claim",
    "no scientific validity claim"
  ],
  "schema": "bayesfilter.lgssm_affine_neutra_training_state.v1",
  "target_signature": "290a91d2a8f90d5b29243965b258b1ec6fd965aa46ffca69dcb78f7fa1ecabcb",
  "training_config": {
    "artifact_dir": "docs/plans/artifacts/lgssm-neutra-training-2026-07-07",
    "batch_size": 64,
    "device": "cpu",
    "initial_raw_scale": -1.3862943611198906,
    "learning_rate": 0.03,
    "nonclaims": [
      "tiny CPU-only affine LGSSM NeuTra-style training fixture",
      "no dense IAF training claim",
      "no HMC convergence claim",
      "no posterior correctness claim",
      "no sampler superiority claim",
      "no production readiness claim",
      "no scientific validity claim"
    ],
    "schema": "bayesfilter.lgssm_affine_neutra_training_config.v1",
    "seed": 20260707,
    "steps": 80,
    "validation_path": "docs/plans/bayesfilter-lgssm-first-neutra-hmc-phase6-lgssm-neutra-training-validation-2026-07-07.json"
  },
  "training_objective": "reverse_kl_style_mean_negative_log_p_forward_transport_plus_logdet"
}
