{
  "arms": [
    {
      "arm_id": "original_dense_tensor",
      "compile_and_first_call_seconds": 12.716882870066911,
      "finite": true,
      "jit_compile": true,
      "output_devices": [
        "/job:localhost/replica:0/task:0/device:GPU:0",
        "/job:localhost/replica:0/task:0/device:GPU:0"
      ],
      "score": [
        [
          -0.1371726095676422,
          -1.1668225526809692,
          -1.7843374013900757
        ]
      ],
      "score_preview": [
        -0.1371726095676422,
        -1.1668225526809692,
        -1.7843374013900757
      ],
      "value": [
        1.2017227411270142
      ],
      "value_preview": [
        1.2017227411270142
      ],
      "warm_call_median_seconds": 0.004345228197053075,
      "warm_call_timings_seconds": [
        0.004345228197053075
      ]
    },
    {
      "arm_id": "streaming_dense_tensor",
      "compile_and_first_call_seconds": 9.655944986036047,
      "finite": true,
      "jit_compile": true,
      "output_devices": [
        "/job:localhost/replica:0/task:0/device:GPU:0",
        "/job:localhost/replica:0/task:0/device:GPU:0"
      ],
      "score": [
        [
          -0.1371726095676422,
          -1.1668293476104736,
          -1.784342885017395
        ]
      ],
      "score_preview": [
        -0.1371726095676422,
        -1.1668293476104736,
        -1.784342885017395
      ],
      "value": [
        1.2017227411270142
      ],
      "value_preview": [
        1.2017227411270142
      ],
      "warm_call_median_seconds": 0.010968246031552553,
      "warm_call_timings_seconds": [
        0.010968246031552553
      ]
    },
    {
      "arm_id": "streaming_streaming_tensor",
      "compile_and_first_call_seconds": 17.28028957801871,
      "finite": true,
      "jit_compile": true,
      "output_devices": [
        "/job:localhost/replica:0/task:0/device:GPU:0",
        "/job:localhost/replica:0/task:0/device:GPU:0"
      ],
      "score": [
        [
          -0.1371627300977707,
          -1.1668307781219482,
          -1.784342885017395
        ]
      ],
      "score_preview": [
        -0.1371627300977707,
        -1.1668307781219482,
        -1.784342885017395
      ],
      "value": [
        1.2017245292663574
      ],
      "value_preview": [
        1.2017245292663574
      ],
      "warm_call_median_seconds": 0.017411672975867987,
      "warm_call_timings_seconds": [
        0.017411672975867987
      ]
    },
    {
      "arm_id": "streaming_streaming_equivalent_callback",
      "compile_and_first_call_seconds": 16.461249359184876,
      "finite": true,
      "jit_compile": true,
      "output_devices": [
        "/job:localhost/replica:0/task:0/device:GPU:0",
        "/job:localhost/replica:0/task:0/device:GPU:0"
      ],
      "score": [
        [
          -0.1371627300977707,
          -1.1668307781219482,
          -1.784342885017395
        ]
      ],
      "score_preview": [
        -0.1371627300977707,
        -1.1668307781219482,
        -1.784342885017395
      ],
      "value": [
        1.2017245292663574
      ],
      "value_preview": [
        1.2017245292663574
      ],
      "warm_call_median_seconds": 0.02390054101124406,
      "warm_call_timings_seconds": [
        0.02390054101124406
      ]
    }
  ],
  "comparisons": [
    {
      "arm_id": "streaming_dense_tensor",
      "score_drift_vs_reference": {
        "max_abs": 6.794929504394531e-06,
        "max_relative_to_max1_abs_reference": 5.8234471803635e-06,
        "rms_abs": 5.041204735214879e-06,
        "shape": [
          1,
          3
        ]
      },
      "score_geometry_vs_reference": {
        "candidate_l2_norm": 2.1363956989689155,
        "cosine_similarity": 0.9999999999991788,
        "norm_ratio_candidate_to_reference": 1.0000038809236271,
        "reference_l2_norm": 2.1363874078125478
      },
      "value_drift_vs_reference": {
        "max_abs": 0.0,
        "max_relative_to_max1_abs_reference": 0.0,
        "rms_abs": 0.0,
        "shape": [
          1
        ]
      }
    },
    {
      "arm_id": "streaming_streaming_tensor",
      "score_drift_vs_reference": {
        "max_abs": 9.879469871520996e-06,
        "max_relative_to_max1_abs_reference": 9.879469871520996e-06,
        "rms_abs": 8.069117523387864e-06,
        "shape": [
          1,
          3
        ]
      },
      "score_geometry_vs_reference": {
        "candidate_l2_norm": 2.136395845954758,
        "cosine_similarity": 0.9999999999864019,
        "norm_ratio_candidate_to_reference": 1.0000039497247453,
        "reference_l2_norm": 2.1363874078125478
      },
      "value_drift_vs_reference": {
        "max_abs": 1.7881393432617188e-06,
        "max_relative_to_max1_abs_reference": 1.4879799491725889e-06,
        "rms_abs": 1.7881393432617188e-06,
        "shape": [
          1
        ]
      }
    },
    {
      "arm_id": "streaming_streaming_equivalent_callback",
      "score_drift_vs_reference": {
        "max_abs": 9.879469871520996e-06,
        "max_relative_to_max1_abs_reference": 9.879469871520996e-06,
        "rms_abs": 8.069117523387864e-06,
        "shape": [
          1,
          3
        ]
      },
      "score_geometry_vs_reference": {
        "candidate_l2_norm": 2.136395845954758,
        "cosine_similarity": 0.9999999999864019,
        "norm_ratio_candidate_to_reference": 1.0000039497247453,
        "reference_l2_norm": 2.1363874078125478
      },
      "value_drift_vs_reference": {
        "max_abs": 1.7881393432617188e-06,
        "max_relative_to_max1_abs_reference": 1.4879799491725889e-06,
        "rms_abs": 1.7881393432617188e-06,
        "shape": [
          1
        ]
      }
    }
  ],
  "cuda_visible_devices": "0",
  "device": "/GPU:0",
  "device_scope": "visible",
  "expect_device_kind": "gpu",
  "finite_all": true,
  "host": "ubuntu-MZ72-HB2-00",
  "jit_compile": true,
  "logical_gpus": [
    "LogicalDevice(name='/device:GPU:0', device_type='GPU')"
  ],
  "nonclaims": [
    "focused deterministic gradient-structure diagnostic only",
    "dense arm is a small-reference oracle, not a scalable implementation",
    "no HMC convergence or energy-conservation claim",
    "no posterior validity claim",
    "single fixture and single seed only"
  ],
  "overall_passed": false,
  "physical_gpus": [
    "PhysicalDevice(name='/physical_device:GPU:0', device_type='GPU')"
  ],
  "precision": {
    "active_dtype": "float32",
    "default_dtype": "float32",
    "default_tf32_mode": "enabled",
    "dtype": "float32",
    "fp64_reference_requires_explicit_dtype": true,
    "precision_default_policy": "experimental_ledh_pfpf_ot_gpu_tf32",
    "scope": "experimental_batched_ledh_pfpf_ot_gpu_performance_lane",
    "tf32_execution_enabled": true,
    "tf32_mode": "enabled",
    "tf_dtype": "float32"
  },
  "python_version": "3.13.13",
  "reference_arm": "original_dense_tensor",
  "shape": {
    "batch_size": 1,
    "num_particles": 8,
    "obs_dim": 2,
    "parameter_dim": 3,
    "state_dim": 2,
    "time_steps": 3
  },
  "structure_passed": false,
  "tensorflow_version": "2.20.0",
  "timestamp_utc": "2026-06-17T08:18:24.649556+00:00",
  "tolerances": {
    "structure_score_atol": 1e-05,
    "structure_score_rtol": 1e-05,
    "structure_value_atol": 1e-06,
    "structure_value_rtol": 1e-06
  },
  "transport": {
    "annealed_convergence_threshold": 0.001,
    "annealed_scaling": 0.9,
    "col_chunk_size": 16,
    "particle_chunk_size": 16,
    "policy": "active-odd",
    "row_chunk_size": 16,
    "sinkhorn_epsilon": 0.5,
    "sinkhorn_iterations": 3
  }
}
