{
  "arms": [
    {
      "arm_id": "original_dense_tensor",
      "compile_and_first_call_seconds": 12.957873163046315,
      "finite": true,
      "jit_compile": true,
      "output_devices": [
        "/job:localhost/replica:0/task:0/device:GPU:0",
        "/job:localhost/replica:0/task:0/device:GPU:0"
      ],
      "score": [
        [
          -0.23708303272724152,
          -1.1387335062026978,
          -1.7676513195037842
        ]
      ],
      "score_preview": [
        -0.23708303272724152,
        -1.1387335062026978,
        -1.7676513195037842
      ],
      "value": [
        1.1549893617630005
      ],
      "value_preview": [
        1.1549893617630005
      ],
      "warm_call_median_seconds": 0.003420452121645212,
      "warm_call_timings_seconds": [
        0.003420452121645212
      ]
    },
    {
      "arm_id": "streaming_dense_tensor",
      "compile_and_first_call_seconds": 9.691639022203162,
      "finite": true,
      "jit_compile": true,
      "output_devices": [
        "/job:localhost/replica:0/task:0/device:GPU:0",
        "/job:localhost/replica:0/task:0/device:GPU:0"
      ],
      "score": [
        [
          -0.2370830476284027,
          -1.1387455463409424,
          -1.7676715850830078
        ]
      ],
      "score_preview": [
        -0.2370830476284027,
        -1.1387455463409424,
        -1.7676715850830078
      ],
      "value": [
        1.1549893617630005
      ],
      "value_preview": [
        1.1549893617630005
      ],
      "warm_call_median_seconds": 0.009937688941136003,
      "warm_call_timings_seconds": [
        0.009937688941136003
      ]
    },
    {
      "arm_id": "streaming_streaming_tensor",
      "compile_and_first_call_seconds": 17.10627173492685,
      "finite": true,
      "jit_compile": true,
      "output_devices": [
        "/job:localhost/replica:0/task:0/device:GPU:0",
        "/job:localhost/replica:0/task:0/device:GPU:0"
      ],
      "score": [
        [
          -0.2370757907629013,
          -1.1387578248977661,
          -1.7676730155944824
        ]
      ],
      "score_preview": [
        -0.2370757907629013,
        -1.1387578248977661,
        -1.7676730155944824
      ],
      "value": [
        1.154991865158081
      ],
      "value_preview": [
        1.154991865158081
      ],
      "warm_call_median_seconds": 0.015815899008885026,
      "warm_call_timings_seconds": [
        0.015815899008885026
      ]
    },
    {
      "arm_id": "streaming_streaming_equivalent_callback",
      "compile_and_first_call_seconds": 16.218668587040156,
      "finite": true,
      "jit_compile": true,
      "output_devices": [
        "/job:localhost/replica:0/task:0/device:GPU:0",
        "/job:localhost/replica:0/task:0/device:GPU:0"
      ],
      "score": [
        [
          -0.2370757907629013,
          -1.1387578248977661,
          -1.7676730155944824
        ]
      ],
      "score_preview": [
        -0.2370757907629013,
        -1.1387578248977661,
        -1.7676730155944824
      ],
      "value": [
        1.154991865158081
      ],
      "value_preview": [
        1.154991865158081
      ],
      "warm_call_median_seconds": 0.01595799787901342,
      "warm_call_timings_seconds": [
        0.01595799787901342
      ]
    }
  ],
  "comparisons": [
    {
      "arm_id": "streaming_dense_tensor",
      "score_drift_vs_reference": {
        "max_abs": 2.0265579223632812e-05,
        "max_relative_to_max1_abs_reference": 1.1464692725328757e-05,
        "rms_abs": 1.360954141112916e-05,
        "shape": [
          1,
          3
        ]
      },
      "score_geometry_vs_reference": {
        "candidate_l2_norm": 2.1160370090085796,
        "cosine_similarity": 0.9999999999991496,
        "norm_ratio_candidate_to_reference": 1.000011063399979,
        "reference_l2_norm": 2.116013598703776
      },
      "value_drift_vs_reference": {
        "max_abs": 0.0,
        "max_relative_to_max1_abs_reference": 0.0,
        "rms_abs": 0.0,
        "shape": [
          1
        ]
      }
    },
    {
      "arm_id": "streaming_streaming_tensor",
      "score_drift_vs_reference": {
        "max_abs": 2.4318695068359375e-05,
        "max_relative_to_max1_abs_reference": 2.1355914211617638e-05,
        "rms_abs": 1.9274900163330464e-05,
        "shape": [
          1,
          3
        ]
      },
      "score_geometry_vs_reference": {
        "candidate_l2_norm": 2.116043998690159,
        "cosine_similarity": 0.9999999999787379,
        "norm_ratio_candidate_to_reference": 1.0000143666309147,
        "reference_l2_norm": 2.116013598703776
      },
      "value_drift_vs_reference": {
        "max_abs": 2.5033950805664062e-06,
        "max_relative_to_max1_abs_reference": 2.1674615918064996e-06,
        "rms_abs": 2.5033950805664062e-06,
        "shape": [
          1
        ]
      }
    },
    {
      "arm_id": "streaming_streaming_equivalent_callback",
      "score_drift_vs_reference": {
        "max_abs": 2.4318695068359375e-05,
        "max_relative_to_max1_abs_reference": 2.1355914211617638e-05,
        "rms_abs": 1.9274900163330464e-05,
        "shape": [
          1,
          3
        ]
      },
      "score_geometry_vs_reference": {
        "candidate_l2_norm": 2.116043998690159,
        "cosine_similarity": 0.9999999999787379,
        "norm_ratio_candidate_to_reference": 1.0000143666309147,
        "reference_l2_norm": 2.116013598703776
      },
      "value_drift_vs_reference": {
        "max_abs": 2.5033950805664062e-06,
        "max_relative_to_max1_abs_reference": 2.1674615918064996e-06,
        "rms_abs": 2.5033950805664062e-06,
        "shape": [
          1
        ]
      }
    }
  ],
  "cuda_visible_devices": "0",
  "device": "/GPU:0",
  "device_scope": "visible",
  "expect_device_kind": "gpu",
  "finite_all": true,
  "host": "ubuntu-MZ72-HB2-00",
  "jit_compile": true,
  "logical_gpus": [
    "LogicalDevice(name='/device:GPU:0', device_type='GPU')"
  ],
  "nonclaims": [
    "focused deterministic gradient-structure diagnostic only",
    "dense arm is a small-reference oracle, not a scalable implementation",
    "no HMC convergence or energy-conservation claim",
    "no posterior validity claim",
    "single fixture and single seed only"
  ],
  "overall_passed": false,
  "physical_gpus": [
    "PhysicalDevice(name='/physical_device:GPU:0', device_type='GPU')"
  ],
  "precision": {
    "active_dtype": "float32",
    "default_dtype": "float32",
    "default_tf32_mode": "enabled",
    "dtype": "float32",
    "fp64_reference_requires_explicit_dtype": true,
    "precision_default_policy": "experimental_ledh_pfpf_ot_gpu_tf32",
    "scope": "experimental_batched_ledh_pfpf_ot_gpu_performance_lane",
    "tf32_execution_enabled": true,
    "tf32_mode": "enabled",
    "tf_dtype": "float32"
  },
  "python_version": "3.13.13",
  "reference_arm": "original_dense_tensor",
  "shape": {
    "batch_size": 1,
    "num_particles": 8,
    "obs_dim": 2,
    "parameter_dim": 3,
    "state_dim": 2,
    "time_steps": 3
  },
  "structure_passed": false,
  "tensorflow_version": "2.20.0",
  "timestamp_utc": "2026-06-17T08:15:30.807115+00:00",
  "tolerances": {
    "structure_score_atol": 1e-05,
    "structure_score_rtol": 1e-05,
    "structure_value_atol": 1e-06,
    "structure_value_rtol": 1e-06
  },
  "transport": {
    "annealed_convergence_threshold": 0.001,
    "annealed_scaling": 0.9,
    "col_chunk_size": 16,
    "particle_chunk_size": 16,
    "policy": "active-odd",
    "row_chunk_size": 16,
    "sinkhorn_epsilon": 0.5,
    "sinkhorn_iterations": 3
  }
}
