{
  "arms": [
    {
      "arm_id": "original_dense_tensor",
      "compile_and_first_call_seconds": 11.974194535054266,
      "finite": true,
      "jit_compile": true,
      "output_devices": [
        "/job:localhost/replica:0/task:0/device:GPU:0",
        "/job:localhost/replica:0/task:0/device:GPU:0"
      ],
      "score": [
        [
          -0.23708179593086243,
          -1.1387486457824707,
          -1.7676713466644287
        ]
      ],
      "score_preview": [
        -0.23708179593086243,
        -1.1387486457824707,
        -1.7676713466644287
      ],
      "value": [
        1.1549893617630005
      ],
      "value_preview": [
        1.1549893617630005
      ],
      "warm_call_median_seconds": 0.0046100260224193335,
      "warm_call_timings_seconds": [
        0.0046100260224193335
      ]
    },
    {
      "arm_id": "streaming_dense_tensor",
      "compile_and_first_call_seconds": 9.31249577109702,
      "finite": true,
      "jit_compile": true,
      "output_devices": [
        "/job:localhost/replica:0/task:0/device:GPU:0",
        "/job:localhost/replica:0/task:0/device:GPU:0"
      ],
      "score": [
        [
          -0.23708179593086243,
          -1.1387484073638916,
          -1.7676711082458496
        ]
      ],
      "score_preview": [
        -0.23708179593086243,
        -1.1387484073638916,
        -1.7676711082458496
      ],
      "value": [
        1.1549893617630005
      ],
      "value_preview": [
        1.1549893617630005
      ],
      "warm_call_median_seconds": 0.008388386806473136,
      "warm_call_timings_seconds": [
        0.008388386806473136
      ]
    },
    {
      "arm_id": "streaming_streaming_tensor",
      "compile_and_first_call_seconds": 16.53927560406737,
      "finite": true,
      "jit_compile": true,
      "output_devices": [
        "/job:localhost/replica:0/task:0/device:GPU:0",
        "/job:localhost/replica:0/task:0/device:GPU:0"
      ],
      "score": [
        [
          -0.23708179593086243,
          -1.1387485265731812,
          -1.7676713466644287
        ]
      ],
      "score_preview": [
        -0.23708179593086243,
        -1.1387485265731812,
        -1.7676713466644287
      ],
      "value": [
        1.1549893617630005
      ],
      "value_preview": [
        1.1549893617630005
      ],
      "warm_call_median_seconds": 0.020663231844082475,
      "warm_call_timings_seconds": [
        0.020663231844082475
      ]
    },
    {
      "arm_id": "streaming_streaming_equivalent_callback",
      "compile_and_first_call_seconds": 16.001276697963476,
      "finite": true,
      "jit_compile": true,
      "output_devices": [
        "/job:localhost/replica:0/task:0/device:GPU:0",
        "/job:localhost/replica:0/task:0/device:GPU:0"
      ],
      "score": [
        [
          -0.23708179593086243,
          -1.1387485265731812,
          -1.7676713466644287
        ]
      ],
      "score_preview": [
        -0.23708179593086243,
        -1.1387485265731812,
        -1.7676713466644287
      ],
      "value": [
        1.1549893617630005
      ],
      "value_preview": [
        1.1549893617630005
      ],
      "warm_call_median_seconds": 0.01448224508203566,
      "warm_call_timings_seconds": [
        0.01448224508203566
      ]
    }
  ],
  "comparisons": [
    {
      "arm_id": "streaming_dense_tensor",
      "score_drift_vs_reference": {
        "max_abs": 2.384185791015625e-07,
        "max_relative_to_max1_abs_reference": 2.0936892437552577e-07,
        "rms_abs": 1.9466795466607238e-07,
        "shape": [
          1,
          3
        ]
      },
      "score_geometry_vs_reference": {
        "candidate_l2_norm": 2.1160380100940324,
        "cosine_similarity": 0.9999999999999994,
        "norm_ratio_candidate_to_reference": 0.9999998452426081,
        "reference_l2_norm": 2.1160383375666068
      },
      "value_drift_vs_reference": {
        "max_abs": 0.0,
        "max_relative_to_max1_abs_reference": 0.0,
        "rms_abs": 0.0,
        "shape": [
          1
        ]
      }
    },
    {
      "arm_id": "streaming_streaming_tensor",
      "score_drift_vs_reference": {
        "max_abs": 1.1920928955078125e-07,
        "max_relative_to_max1_abs_reference": 1.0468446218776289e-07,
        "rms_abs": 6.882551541204759e-08,
        "shape": [
          1,
          3
        ]
      },
      "score_geometry_vs_reference": {
        "candidate_l2_norm": 2.1160382734139827,
        "cosine_similarity": 0.999999999999999,
        "norm_ratio_candidate_to_reference": 0.999999969682674,
        "reference_l2_norm": 2.1160383375666068
      },
      "value_drift_vs_reference": {
        "max_abs": 0.0,
        "max_relative_to_max1_abs_reference": 0.0,
        "rms_abs": 0.0,
        "shape": [
          1
        ]
      }
    },
    {
      "arm_id": "streaming_streaming_equivalent_callback",
      "score_drift_vs_reference": {
        "max_abs": 1.1920928955078125e-07,
        "max_relative_to_max1_abs_reference": 1.0468446218776289e-07,
        "rms_abs": 6.882551541204759e-08,
        "shape": [
          1,
          3
        ]
      },
      "score_geometry_vs_reference": {
        "candidate_l2_norm": 2.1160382734139827,
        "cosine_similarity": 0.999999999999999,
        "norm_ratio_candidate_to_reference": 0.999999969682674,
        "reference_l2_norm": 2.1160383375666068
      },
      "value_drift_vs_reference": {
        "max_abs": 0.0,
        "max_relative_to_max1_abs_reference": 0.0,
        "rms_abs": 0.0,
        "shape": [
          1
        ]
      }
    }
  ],
  "cuda_visible_devices": "0",
  "device": "/GPU:0",
  "device_scope": "visible",
  "expect_device_kind": "gpu",
  "finite_all": true,
  "host": "ubuntu-MZ72-HB2-00",
  "jit_compile": true,
  "logical_gpus": [
    "LogicalDevice(name='/device:GPU:0', device_type='GPU')"
  ],
  "nonclaims": [
    "focused deterministic gradient-structure diagnostic only",
    "dense arm is a small-reference oracle, not a scalable implementation",
    "no HMC convergence or energy-conservation claim",
    "no posterior validity claim",
    "single fixture and single seed only"
  ],
  "overall_passed": true,
  "physical_gpus": [
    "PhysicalDevice(name='/physical_device:GPU:0', device_type='GPU')"
  ],
  "precision": {
    "active_dtype": "float32",
    "default_dtype": "float32",
    "default_tf32_mode": "enabled",
    "dtype": "float32",
    "fp64_reference_requires_explicit_dtype": true,
    "precision_default_policy": "experimental_ledh_pfpf_ot_gpu_tf32",
    "scope": "experimental_batched_ledh_pfpf_ot_gpu_performance_lane",
    "tf32_execution_enabled": false,
    "tf32_mode": "disabled",
    "tf_dtype": "float32"
  },
  "python_version": "3.13.13",
  "reference_arm": "original_dense_tensor",
  "shape": {
    "batch_size": 1,
    "num_particles": 8,
    "obs_dim": 2,
    "parameter_dim": 3,
    "state_dim": 2,
    "time_steps": 3
  },
  "structure_passed": true,
  "tensorflow_version": "2.20.0",
  "timestamp_utc": "2026-06-17T08:14:30.823480+00:00",
  "tolerances": {
    "structure_score_atol": 1e-05,
    "structure_score_rtol": 1e-05,
    "structure_value_atol": 1e-06,
    "structure_value_rtol": 1e-06
  },
  "transport": {
    "annealed_convergence_threshold": 0.001,
    "annealed_scaling": 0.9,
    "col_chunk_size": 16,
    "particle_chunk_size": 16,
    "policy": "active-odd",
    "row_chunk_size": 16,
    "sinkhorn_epsilon": 0.5,
    "sinkhorn_iterations": 3
  }
}
