{
  "arms": [
    {
      "arm_id": "original_dense_tensor",
      "compile_and_first_call_seconds": 9.706592950969934,
      "finite": true,
      "jit_compile": false,
      "output_devices": [
        "/job:localhost/replica:0/task:0/device:GPU:0",
        "/job:localhost/replica:0/task:0/device:GPU:0"
      ],
      "score": [
        [
          -0.5255336761474609,
          -3.8585500717163086,
          -5.943467140197754
        ]
      ],
      "score_preview": [
        -0.5255336761474609,
        -3.8585500717163086,
        -5.943467140197754
      ],
      "value": [
        3.958463430404663
      ],
      "value_preview": [
        3.958463430404663
      ],
      "warm_call_median_seconds": 0.09681132296100259,
      "warm_call_timings_seconds": [
        0.09681132296100259
      ]
    },
    {
      "arm_id": "streaming_dense_tensor",
      "compile_and_first_call_seconds": 4.34179126820527,
      "finite": true,
      "jit_compile": false,
      "output_devices": [
        "/job:localhost/replica:0/task:0/device:GPU:0",
        "/job:localhost/replica:0/task:0/device:GPU:0"
      ],
      "score": [
        [
          -0.5255336761474609,
          -3.8585503101348877,
          -5.943467140197754
        ]
      ],
      "score_preview": [
        -0.5255336761474609,
        -3.8585503101348877,
        -5.943467140197754
      ],
      "value": [
        3.958463430404663
      ],
      "value_preview": [
        3.958463430404663
      ],
      "warm_call_median_seconds": 0.23695311206392944,
      "warm_call_timings_seconds": [
        0.23695311206392944
      ]
    },
    {
      "arm_id": "streaming_streaming_tensor",
      "compile_and_first_call_seconds": 9.576298067811877,
      "finite": true,
      "jit_compile": false,
      "output_devices": [
        "/job:localhost/replica:0/task:0/device:GPU:0",
        "/job:localhost/replica:0/task:0/device:GPU:0"
      ],
      "score": [
        [
          -0.5255336761474609,
          -3.8585500717163086,
          -5.943467140197754
        ]
      ],
      "score_preview": [
        -0.5255336761474609,
        -3.8585500717163086,
        -5.943467140197754
      ],
      "value": [
        3.958463668823242
      ],
      "value_preview": [
        3.958463668823242
      ],
      "warm_call_median_seconds": 0.3504844100680202,
      "warm_call_timings_seconds": [
        0.3504844100680202
      ]
    },
    {
      "arm_id": "streaming_streaming_equivalent_callback",
      "compile_and_first_call_seconds": 8.763638262171298,
      "finite": true,
      "jit_compile": false,
      "output_devices": [
        "/job:localhost/replica:0/task:0/device:GPU:0",
        "/job:localhost/replica:0/task:0/device:GPU:0"
      ],
      "score": [
        [
          -0.5255336761474609,
          -3.8585500717163086,
          -5.943467140197754
        ]
      ],
      "score_preview": [
        -0.5255336761474609,
        -3.8585500717163086,
        -5.943467140197754
      ],
      "value": [
        3.958463668823242
      ],
      "value_preview": [
        3.958463668823242
      ],
      "warm_call_median_seconds": 0.31413344806060195,
      "warm_call_timings_seconds": [
        0.31413344806060195
      ]
    }
  ],
  "comparisons": [
    {
      "arm_id": "streaming_dense_tensor",
      "score_drift_vs_reference": {
        "max_abs": 2.384185791015625e-07,
        "max_relative_to_max1_abs_reference": 6.178968127152289e-08,
        "rms_abs": 1.3765103082409519e-07,
        "shape": [
          1,
          3
        ]
      },
      "score_geometry_vs_reference": {
        "candidate_l2_norm": 7.10558919353051,
        "cosine_similarity": 0.9999999999999997,
        "norm_ratio_candidate_to_reference": 1.0000000182206585,
        "reference_l2_norm": 7.105589064061998
      },
      "value_drift_vs_reference": {
        "max_abs": 0.0,
        "max_relative_to_max1_abs_reference": 0.0,
        "rms_abs": 0.0,
        "shape": [
          1
        ]
      }
    },
    {
      "arm_id": "streaming_streaming_tensor",
      "score_drift_vs_reference": {
        "max_abs": 0.0,
        "max_relative_to_max1_abs_reference": 0.0,
        "rms_abs": 0.0,
        "shape": [
          1,
          3
        ]
      },
      "score_geometry_vs_reference": {
        "candidate_l2_norm": 7.105589064061998,
        "cosine_similarity": 1.0000000000000002,
        "norm_ratio_candidate_to_reference": 1.0,
        "reference_l2_norm": 7.105589064061998
      },
      "value_drift_vs_reference": {
        "max_abs": 2.384185791015625e-07,
        "max_relative_to_max1_abs_reference": 6.023008252906599e-08,
        "rms_abs": 2.384185791015625e-07,
        "shape": [
          1
        ]
      }
    },
    {
      "arm_id": "streaming_streaming_equivalent_callback",
      "score_drift_vs_reference": {
        "max_abs": 0.0,
        "max_relative_to_max1_abs_reference": 0.0,
        "rms_abs": 0.0,
        "shape": [
          1,
          3
        ]
      },
      "score_geometry_vs_reference": {
        "candidate_l2_norm": 7.105589064061998,
        "cosine_similarity": 1.0000000000000002,
        "norm_ratio_candidate_to_reference": 1.0,
        "reference_l2_norm": 7.105589064061998
      },
      "value_drift_vs_reference": {
        "max_abs": 2.384185791015625e-07,
        "max_relative_to_max1_abs_reference": 6.023008252906599e-08,
        "rms_abs": 2.384185791015625e-07,
        "shape": [
          1
        ]
      }
    }
  ],
  "cuda_visible_devices": "0",
  "device": "/GPU:0",
  "device_scope": "visible",
  "expect_device_kind": "gpu",
  "finite_all": true,
  "host": "ubuntu-MZ72-HB2-00",
  "jit_compile": false,
  "logical_gpus": [
    "LogicalDevice(name='/device:GPU:0', device_type='GPU')"
  ],
  "nonclaims": [
    "focused deterministic gradient-structure diagnostic only",
    "dense arm is a small-reference oracle, not a scalable implementation",
    "no HMC convergence or energy-conservation claim",
    "no posterior validity claim",
    "single fixture and single seed only"
  ],
  "overall_passed": true,
  "physical_gpus": [
    "PhysicalDevice(name='/physical_device:GPU:0', device_type='GPU')"
  ],
  "precision": {
    "dtype": "float32",
    "tf32_execution_enabled": false,
    "tf32_mode": "disabled",
    "tf_dtype": "float32"
  },
  "python_version": "3.13.13",
  "reference_arm": "original_dense_tensor",
  "shape": {
    "batch_size": 1,
    "num_particles": 32,
    "obs_dim": 4,
    "parameter_dim": 3,
    "state_dim": 4,
    "time_steps": 5
  },
  "structure_passed": true,
  "tensorflow_version": "2.20.0",
  "timestamp_utc": "2026-06-15T16:21:49.410791+00:00",
  "tolerances": {
    "structure_score_atol": 1e-05,
    "structure_score_rtol": 1e-05,
    "structure_value_atol": 1e-06,
    "structure_value_rtol": 1e-06
  },
  "transport": {
    "annealed_convergence_threshold": 0.001,
    "annealed_scaling": 0.9,
    "col_chunk_size": 16,
    "particle_chunk_size": 16,
    "policy": "active-odd",
    "row_chunk_size": 16,
    "sinkhorn_epsilon": 0.5,
    "sinkhorn_iterations": 3
  }
}
