{
  "arms": [
    {
      "arm_id": "original_dense_tensor",
      "compile_and_first_call_seconds": 10.073249228997156,
      "finite": true,
      "jit_compile": false,
      "output_devices": [
        "/job:localhost/replica:0/task:0/device:GPU:0",
        "/job:localhost/replica:0/task:0/device:GPU:0"
      ],
      "score": [
        [
          -0.5255336369453034,
          -3.85855025566792,
          -5.943467907625774
        ]
      ],
      "score_preview": [
        -0.5255336369453034,
        -3.85855025566792,
        -5.943467907625774
      ],
      "value": [
        3.9584623902358347
      ],
      "value_preview": [
        3.9584623902358347
      ],
      "warm_call_median_seconds": 0.11666458006948233,
      "warm_call_timings_seconds": [
        0.11666458006948233
      ]
    },
    {
      "arm_id": "streaming_dense_tensor",
      "compile_and_first_call_seconds": 4.419845853000879,
      "finite": true,
      "jit_compile": false,
      "output_devices": [
        "/job:localhost/replica:0/task:0/device:GPU:0",
        "/job:localhost/replica:0/task:0/device:GPU:0"
      ],
      "score": [
        [
          -0.5255336369453035,
          -3.8585502556679194,
          -5.943467907625773
        ]
      ],
      "score_preview": [
        -0.5255336369453035,
        -3.8585502556679194,
        -5.943467907625773
      ],
      "value": [
        3.9584623902358347
      ],
      "value_preview": [
        3.9584623902358347
      ],
      "warm_call_median_seconds": 0.21710404194891453,
      "warm_call_timings_seconds": [
        0.21710404194891453
      ]
    },
    {
      "arm_id": "streaming_streaming_tensor",
      "compile_and_first_call_seconds": 9.596373496111482,
      "finite": true,
      "jit_compile": false,
      "output_devices": [
        "/job:localhost/replica:0/task:0/device:GPU:0",
        "/job:localhost/replica:0/task:0/device:GPU:0"
      ],
      "score": [
        [
          -0.5255336369453035,
          -3.858550255667919,
          -5.943467907625772
        ]
      ],
      "score_preview": [
        -0.5255336369453035,
        -3.858550255667919,
        -5.943467907625772
      ],
      "value": [
        3.9584623902358347
      ],
      "value_preview": [
        3.9584623902358347
      ],
      "warm_call_median_seconds": 0.30765779595822096,
      "warm_call_timings_seconds": [
        0.30765779595822096
      ]
    },
    {
      "arm_id": "streaming_streaming_equivalent_callback",
      "compile_and_first_call_seconds": 9.017661476042122,
      "finite": true,
      "jit_compile": false,
      "output_devices": [
        "/job:localhost/replica:0/task:0/device:GPU:0",
        "/job:localhost/replica:0/task:0/device:GPU:0"
      ],
      "score": [
        [
          -0.5255336369453035,
          -3.858550255667919,
          -5.943467907625772
        ]
      ],
      "score_preview": [
        -0.5255336369453035,
        -3.858550255667919,
        -5.943467907625772
      ],
      "value": [
        3.9584623902358347
      ],
      "value_preview": [
        3.9584623902358347
      ],
      "warm_call_median_seconds": 0.31001743697561324,
      "warm_call_timings_seconds": [
        0.31001743697561324
      ]
    }
  ],
  "comparisons": [
    {
      "arm_id": "streaming_dense_tensor",
      "score_drift_vs_reference": {
        "max_abs": 8.881784197001252e-16,
        "max_relative_to_max1_abs_reference": 1.494377413160668e-16,
        "rms_abs": 5.768888059150692e-16,
        "shape": [
          1,
          3
        ]
      },
      "score_geometry_vs_reference": {
        "candidate_l2_norm": 7.105589802968745,
        "cosine_similarity": 1.0,
        "norm_ratio_candidate_to_reference": 0.9999999999999999,
        "reference_l2_norm": 7.105589802968746
      },
      "value_drift_vs_reference": {
        "max_abs": 0.0,
        "max_relative_to_max1_abs_reference": 0.0,
        "rms_abs": 0.0,
        "shape": [
          1
        ]
      }
    },
    {
      "arm_id": "streaming_streaming_tensor",
      "score_drift_vs_reference": {
        "max_abs": 1.7763568394002505e-15,
        "max_relative_to_max1_abs_reference": 2.988754826321336e-16,
        "rms_abs": 1.148423626505646e-15,
        "shape": [
          1,
          3
        ]
      },
      "score_geometry_vs_reference": {
        "candidate_l2_norm": 7.105589802968744,
        "cosine_similarity": 1.0,
        "norm_ratio_candidate_to_reference": 0.9999999999999998,
        "reference_l2_norm": 7.105589802968746
      },
      "value_drift_vs_reference": {
        "max_abs": 0.0,
        "max_relative_to_max1_abs_reference": 0.0,
        "rms_abs": 0.0,
        "shape": [
          1
        ]
      }
    },
    {
      "arm_id": "streaming_streaming_equivalent_callback",
      "score_drift_vs_reference": {
        "max_abs": 1.7763568394002505e-15,
        "max_relative_to_max1_abs_reference": 2.988754826321336e-16,
        "rms_abs": 1.148423626505646e-15,
        "shape": [
          1,
          3
        ]
      },
      "score_geometry_vs_reference": {
        "candidate_l2_norm": 7.105589802968744,
        "cosine_similarity": 1.0,
        "norm_ratio_candidate_to_reference": 0.9999999999999998,
        "reference_l2_norm": 7.105589802968746
      },
      "value_drift_vs_reference": {
        "max_abs": 0.0,
        "max_relative_to_max1_abs_reference": 0.0,
        "rms_abs": 0.0,
        "shape": [
          1
        ]
      }
    }
  ],
  "cuda_visible_devices": "0",
  "device": "/GPU:0",
  "device_scope": "visible",
  "expect_device_kind": "gpu",
  "finite_all": true,
  "host": "ubuntu-MZ72-HB2-00",
  "jit_compile": false,
  "logical_gpus": [
    "LogicalDevice(name='/device:GPU:0', device_type='GPU')"
  ],
  "nonclaims": [
    "focused deterministic gradient-structure diagnostic only",
    "dense arm is a small-reference oracle, not a scalable implementation",
    "no HMC convergence or energy-conservation claim",
    "no posterior validity claim",
    "single fixture and single seed only"
  ],
  "overall_passed": true,
  "physical_gpus": [
    "PhysicalDevice(name='/physical_device:GPU:0', device_type='GPU')"
  ],
  "precision": {
    "dtype": "float64",
    "tf32_execution_enabled": false,
    "tf32_mode": "disabled",
    "tf_dtype": "float64"
  },
  "python_version": "3.13.13",
  "reference_arm": "original_dense_tensor",
  "shape": {
    "batch_size": 1,
    "num_particles": 32,
    "obs_dim": 4,
    "parameter_dim": 3,
    "state_dim": 4,
    "time_steps": 5
  },
  "structure_passed": true,
  "tensorflow_version": "2.20.0",
  "timestamp_utc": "2026-06-15T16:20:42.611155+00:00",
  "tolerances": {
    "structure_score_atol": 1e-05,
    "structure_score_rtol": 1e-05,
    "structure_value_atol": 1e-06,
    "structure_value_rtol": 1e-06
  },
  "transport": {
    "annealed_convergence_threshold": 0.001,
    "annealed_scaling": 0.9,
    "col_chunk_size": 16,
    "particle_chunk_size": 16,
    "policy": "active-odd",
    "row_chunk_size": 16,
    "sinkhorn_epsilon": 0.5,
    "sinkhorn_iterations": 3
  }
}
