{
  "arms": [
    {
      "arm_id": "original_dense_tensor",
      "compile_and_first_call_seconds": 7.578324105124921,
      "finite": true,
      "jit_compile": true,
      "output_devices": [
        "/job:localhost/replica:0/task:0/device:CPU:0",
        "/job:localhost/replica:0/task:0/device:CPU:0"
      ],
      "score": [
        [
          -0.21649643778800964,
          -1.1460654735565186,
          -1.770790934562683
        ]
      ],
      "score_preview": [
        -0.21649643778800964,
        -1.1460654735565186,
        -1.770790934562683
      ],
      "value": [
        1.1673662662506104
      ],
      "value_preview": [
        1.1673662662506104
      ],
      "warm_call_median_seconds": 0.001221772050485015,
      "warm_call_timings_seconds": [
        0.001221772050485015
      ]
    },
    {
      "arm_id": "streaming_dense_tensor",
      "compile_and_first_call_seconds": 4.622507825028151,
      "finite": true,
      "jit_compile": true,
      "output_devices": [
        "/job:localhost/replica:0/task:0/device:CPU:0",
        "/job:localhost/replica:0/task:0/device:CPU:0"
      ],
      "score": [
        [
          -0.21649643778800964,
          -1.1460652351379395,
          -1.770790934562683
        ]
      ],
      "score_preview": [
        -0.21649643778800964,
        -1.1460652351379395,
        -1.770790934562683
      ],
      "value": [
        1.1673662662506104
      ],
      "value_preview": [
        1.1673662662506104
      ],
      "warm_call_median_seconds": 0.00113142398186028,
      "warm_call_timings_seconds": [
        0.00113142398186028
      ]
    },
    {
      "arm_id": "streaming_streaming_tensor",
      "compile_and_first_call_seconds": 3.7689028908498585,
      "finite": true,
      "jit_compile": true,
      "output_devices": [
        "/job:localhost/replica:0/task:0/device:CPU:0",
        "/job:localhost/replica:0/task:0/device:CPU:0"
      ],
      "score": [
        [
          -0.21649643778800964,
          -1.1460652351379395,
          -1.770790934562683
        ]
      ],
      "score_preview": [
        -0.21649643778800964,
        -1.1460652351379395,
        -1.770790934562683
      ],
      "value": [
        1.1673662662506104
      ],
      "value_preview": [
        1.1673662662506104
      ],
      "warm_call_median_seconds": 0.0012838100083172321,
      "warm_call_timings_seconds": [
        0.0012838100083172321
      ]
    },
    {
      "arm_id": "streaming_streaming_equivalent_callback",
      "compile_and_first_call_seconds": 3.7952103409916162,
      "finite": true,
      "jit_compile": true,
      "output_devices": [
        "/job:localhost/replica:0/task:0/device:CPU:0",
        "/job:localhost/replica:0/task:0/device:CPU:0"
      ],
      "score": [
        [
          -0.21649643778800964,
          -1.1460652351379395,
          -1.770790934562683
        ]
      ],
      "score_preview": [
        -0.21649643778800964,
        -1.1460652351379395,
        -1.770790934562683
      ],
      "value": [
        1.1673662662506104
      ],
      "value_preview": [
        1.1673662662506104
      ],
      "warm_call_median_seconds": 0.0017691708635538816,
      "warm_call_timings_seconds": [
        0.0017691708635538816
      ]
    }
  ],
  "comparisons": [
    {
      "arm_id": "streaming_dense_tensor",
      "score_drift_vs_reference": {
        "max_abs": 2.384185791015625e-07,
        "max_relative_to_max1_abs_reference": 2.0803224999152268e-07,
        "rms_abs": 1.3765103082409519e-07,
        "shape": [
          1,
          3
        ]
      },
      "score_geometry_vs_reference": {
        "candidate_l2_norm": 2.1203859942699252,
        "cosine_similarity": 0.9999999999999954,
        "norm_ratio_candidate_to_reference": 0.9999999392257533,
        "reference_l2_norm": 2.1203861231347947
      },
      "value_drift_vs_reference": {
        "max_abs": 0.0,
        "max_relative_to_max1_abs_reference": 0.0,
        "rms_abs": 0.0,
        "shape": [
          1
        ]
      }
    },
    {
      "arm_id": "streaming_streaming_tensor",
      "score_drift_vs_reference": {
        "max_abs": 2.384185791015625e-07,
        "max_relative_to_max1_abs_reference": 2.0803224999152268e-07,
        "rms_abs": 1.3765103082409519e-07,
        "shape": [
          1,
          3
        ]
      },
      "score_geometry_vs_reference": {
        "candidate_l2_norm": 2.1203859942699252,
        "cosine_similarity": 0.9999999999999954,
        "norm_ratio_candidate_to_reference": 0.9999999392257533,
        "reference_l2_norm": 2.1203861231347947
      },
      "value_drift_vs_reference": {
        "max_abs": 0.0,
        "max_relative_to_max1_abs_reference": 0.0,
        "rms_abs": 0.0,
        "shape": [
          1
        ]
      }
    },
    {
      "arm_id": "streaming_streaming_equivalent_callback",
      "score_drift_vs_reference": {
        "max_abs": 2.384185791015625e-07,
        "max_relative_to_max1_abs_reference": 2.0803224999152268e-07,
        "rms_abs": 1.3765103082409519e-07,
        "shape": [
          1,
          3
        ]
      },
      "score_geometry_vs_reference": {
        "candidate_l2_norm": 2.1203859942699252,
        "cosine_similarity": 0.9999999999999954,
        "norm_ratio_candidate_to_reference": 0.9999999392257533,
        "reference_l2_norm": 2.1203861231347947
      },
      "value_drift_vs_reference": {
        "max_abs": 0.0,
        "max_relative_to_max1_abs_reference": 0.0,
        "rms_abs": 0.0,
        "shape": [
          1
        ]
      }
    }
  ],
  "cuda_visible_devices": "-1",
  "device": "/CPU:0",
  "device_scope": "cpu",
  "expect_device_kind": "cpu",
  "finite_all": true,
  "host": "ubuntu-MZ72-HB2-00",
  "jit_compile": true,
  "logical_gpus": [],
  "nonclaims": [
    "focused deterministic gradient-structure diagnostic only",
    "dense arm is a small-reference oracle, not a scalable implementation",
    "no HMC convergence or energy-conservation claim",
    "no posterior validity claim",
    "single fixture and single seed only"
  ],
  "overall_passed": true,
  "physical_gpus": [],
  "precision": {
    "active_dtype": "float32",
    "default_dtype": "float32",
    "default_tf32_mode": "enabled",
    "dtype": "float32",
    "fp64_reference_requires_explicit_dtype": true,
    "precision_default_policy": "experimental_ledh_pfpf_ot_gpu_tf32",
    "scope": "experimental_batched_ledh_pfpf_ot_gpu_performance_lane",
    "tf32_execution_enabled": false,
    "tf32_mode": "disabled",
    "tf_dtype": "float32"
  },
  "python_version": "3.13.13",
  "reference_arm": "original_dense_tensor",
  "shape": {
    "batch_size": 1,
    "num_particles": 8,
    "obs_dim": 2,
    "parameter_dim": 3,
    "state_dim": 2,
    "time_steps": 3
  },
  "structure_passed": true,
  "tensorflow_version": "2.20.0",
  "timestamp_utc": "2026-06-16T15:26:59.798300+00:00",
  "tolerances": {
    "structure_score_atol": 1e-05,
    "structure_score_rtol": 1e-05,
    "structure_value_atol": 1e-06,
    "structure_value_rtol": 1e-06
  },
  "transport": {
    "annealed_convergence_threshold": 0.001,
    "annealed_scaling": 0.9,
    "col_chunk_size": 32,
    "particle_chunk_size": 32,
    "policy": "no-resampling",
    "row_chunk_size": 32,
    "sinkhorn_epsilon": 0.5,
    "sinkhorn_iterations": 3
  }
}
