{
  "compile_and_first_call_seconds": 9.761728215031326,
  "compiled_unit": "streaming_batched_ledh_pfpf_ot_lgssm_value",
  "cuda_visible_devices": "0",
  "device": "/GPU:0",
  "device_scope": "visible",
  "ess_by_time_preview": [
    31.86336326599121,
    31.776748657226562,
    31.999954223632812,
    31.999919891357422,
    31.999969482421875
  ],
  "expect_device_kind": "gpu",
  "filtered_means_preview": [
    0.006362952291965485,
    0.012673180550336838,
    0.03497139737010002,
    0.030807068571448326,
    0.016522899270057678,
    0.020477231591939926,
    0.03331974893808365,
    0.03180283308029175
  ],
  "filtered_variances_preview": [
    0.0015459221322089434,
    0.001505719730630517,
    0.001484358566813171,
    0.0020365328527987003,
    0.00040935046854428947,
    0.00041922571836039424,
    0.00044156983494758606,
    0.0006402062135748565
  ],
  "finite_output": true,
  "gpu_memory_info_after": {
    "current": 5120,
    "peak": 54016
  },
  "gpu_memory_info_before": {
    "current": 4096,
    "peak": 4096
  },
  "history_shapes": {
    "ess_by_time": [
      5,
      1
    ],
    "filtered_means": [
      5,
      1,
      4
    ],
    "filtered_variances": [
      5,
      1,
      4
    ]
  },
  "host": "ubuntu-MZ72-HB2-00",
  "jit_compile": true,
  "log_likelihood_preview": [
    4.036978721618652
  ],
  "logical_gpus": [
    "LogicalDevice(name='/device:GPU:0', device_type='GPU')"
  ],
  "nonclaims": [
    "single synthetic LGSSM-shaped fixture only",
    "production/default target by owner directive",
    "no CPU/GPU ranking claim",
    "no posterior validity claim",
    "no active transport gradient validation claim",
    "no HMC readiness claim",
    "streaming removes dense transport storage but not all-pairs OT compute"
  ],
  "output_arrays": {
    "ess_by_time": [
      [
        31.86336326599121
      ],
      [
        31.776748657226562
      ],
      [
        31.999954223632812
      ],
      [
        31.999919891357422
      ],
      [
        31.999969482421875
      ]
    ],
    "filtered_means": [
      [
        [
          0.006362952291965485,
          0.012673180550336838,
          0.03497139737010002,
          0.030807068571448326
        ]
      ],
      [
        [
          0.016522899270057678,
          0.020477231591939926,
          0.03331974893808365,
          0.03180283308029175
        ]
      ],
      [
        [
          0.022255707532167435,
          0.025741221383213997,
          0.034237783402204514,
          0.03490857407450676
        ]
      ],
      [
        [
          0.025808848440647125,
          0.029693471267819405,
          0.036477021872997284,
          0.03898729383945465
        ]
      ],
      [
        [
          0.028232093900442123,
          0.03294903784990311,
          0.0394124910235405,
          0.043536994606256485
        ]
      ]
    ],
    "filtered_variances": [
      [
        [
          0.0015459221322089434,
          0.001505719730630517,
          0.001484358566813171,
          0.0020365328527987003
        ]
      ],
      [
        [
          0.00040935046854428947,
          0.00041922571836039424,
          0.00044156983494758606,
          0.0006402062135748565
        ]
      ],
      [
        [
          1.2064868315064814e-05,
          1.403860096615972e-05,
          2.7081845473730937e-05,
          3.984447903349064e-05
        ]
      ],
      [
        [
          3.205103439540835e-06,
          3.986232513852883e-06,
          8.166947736754082e-06,
          1.2607049939106219e-05
        ]
      ],
      [
        [
          1.8639198060554918e-06,
          1.8606389176056837e-06,
          6.564028808497824e-06,
          6.4229789131786674e-06
        ]
      ]
    ],
    "log_likelihood": [
      4.036978721618652
    ]
  },
  "output_devices": [
    "/job:localhost/replica:0/task:0/device:GPU:0"
  ],
  "output_shape": [
    1
  ],
  "particle_chunk_size": 16,
  "physical_gpus": [
    "PhysicalDevice(name='/physical_device:GPU:0', device_type='GPU')"
  ],
  "precision": {
    "active_dtype": "float32",
    "default_algorithm_target": "ledh_pfpf_ot_tf32",
    "default_dtype": "float32",
    "default_execution_target": "gpu",
    "default_target_status": "production_default_by_owner_directive",
    "default_tf32_mode": "enabled",
    "dtype": "float32",
    "fp64_reference_requires_explicit_dtype": true,
    "historical_module_path": "experiments/dpf_implementation",
    "precision_default_policy": "production_ledh_pfpf_ot_gpu_tf32",
    "public_api_exposure": "separately_gated",
    "scope": "production_ledh_pfpf_ot_gpu_tf32_default_lane",
    "tf32_execution_enabled": false,
    "tf32_mode": "disabled",
    "tf_dtype": "float32"
  },
  "proposal_mode": "callback",
  "python_version": "3.13.13",
  "repeats": 1,
  "return_history": true,
  "seed": 20260620,
  "shape": {
    "batch_size": 1,
    "num_particles": 32,
    "obs_dim": 4,
    "state_dim": 4,
    "time_steps": 5
  },
  "stores_full_pre_flow_particles": false,
  "tensorflow_version": "2.20.0",
  "timestamp_utc": "2026-06-20T06:35:44.771246+00:00",
  "transport": {
    "annealed_convergence_threshold": 0.001,
    "annealed_scaling": 0.9,
    "col_chunk_size": 16,
    "dense_transport_matrix_materialized": false,
    "gradient_mode": "raw",
    "plan_mode": "streaming",
    "row_chunk_size": 16,
    "sinkhorn_epsilon": 0.5,
    "sinkhorn_iterations": 2
  },
  "transport_policy": "active-odd",
  "warm_call_timing_summary_seconds": {
    "max": 0.017371173948049545,
    "mean": 0.017371173948049545,
    "median": 0.017371173948049545,
    "min": 0.017371173948049545
  },
  "warm_call_timings_seconds": [
    0.017371173948049545
  ],
  "warmstart_mode": "none",
  "warmups": 0
}
