{
  "compile_and_first_call_seconds": 10.156621058937162,
  "compiled_unit": "streaming_batched_ledh_pfpf_ot_lgssm_value",
  "cuda_visible_devices": "0",
  "device": "/GPU:0",
  "device_scope": "visible",
  "ess_by_time_preview": [
    31.863344192504883,
    31.77667808532715,
    31.99994659423828,
    31.999916076660156,
    31.999969482421875
  ],
  "expect_device_kind": "gpu",
  "filtered_means_preview": [
    0.006366967689245939,
    0.01267093326896429,
    0.034977998584508896,
    0.03080207295715809,
    0.01652616821229458,
    0.020474836230278015,
    0.03333068639039993,
    0.031797364354133606
  ],
  "filtered_variances_preview": [
    0.001544535392895341,
    0.0015067751519382,
    0.001485083601437509,
    0.0020361391361802816,
    0.0004086351254954934,
    0.0004197019152343273,
    0.0004420961777213961,
    0.0006401129649020731
  ],
  "finite_output": true,
  "gpu_memory_info_after": {
    "current": 5120,
    "peak": 134224640
  },
  "gpu_memory_info_before": {
    "current": 4096,
    "peak": 4096
  },
  "history_shapes": {
    "ess_by_time": [
      5,
      1
    ],
    "filtered_means": [
      5,
      1,
      4
    ],
    "filtered_variances": [
      5,
      1,
      4
    ]
  },
  "host": "ubuntu-MZ72-HB2-00",
  "jit_compile": true,
  "log_likelihood_preview": [
    4.037121772766113
  ],
  "logical_gpus": [
    "LogicalDevice(name='/device:GPU:0', device_type='GPU')"
  ],
  "nonclaims": [
    "single synthetic LGSSM-shaped fixture only",
    "production/default target by owner directive",
    "no CPU/GPU ranking claim",
    "no posterior validity claim",
    "no active transport gradient validation claim",
    "no HMC readiness claim",
    "streaming removes dense transport storage but not all-pairs OT compute"
  ],
  "output_arrays": {
    "ess_by_time": [
      [
        31.863344192504883
      ],
      [
        31.77667808532715
      ],
      [
        31.99994659423828
      ],
      [
        31.999916076660156
      ],
      [
        31.999969482421875
      ]
    ],
    "filtered_means": [
      [
        [
          0.006366967689245939,
          0.01267093326896429,
          0.034977998584508896,
          0.03080207295715809
        ]
      ],
      [
        [
          0.01652616821229458,
          0.020474836230278015,
          0.03333068639039993,
          0.031797364354133606
        ]
      ],
      [
        [
          0.02225564792752266,
          0.025738395750522614,
          0.034249790012836456,
          0.03490426018834114
        ]
      ],
      [
        [
          0.025806909427046776,
          0.029692962765693665,
          0.036487992852926254,
          0.038981955498456955
        ]
      ],
      [
        [
          0.02822910249233246,
          0.03294965997338295,
          0.03942731022834778,
          0.04353075101971626
        ]
      ]
    ],
    "filtered_variances": [
      [
        [
          0.001544535392895341,
          0.0015067751519382,
          0.001485083601437509,
          0.0020361391361802816
        ]
      ],
      [
        [
          0.0004086351254954934,
          0.0004197019152343273,
          0.0004420961777213961,
          0.0006401129649020731
        ]
      ],
      [
        [
          1.2005150892946403e-05,
          1.4068694326851983e-05,
          2.7153833798365667e-05,
          3.984859722550027e-05
        ]
      ],
      [
        [
          3.186287358403206e-06,
          3.996395207650494e-06,
          8.1920425145654e-06,
          1.2614097613550257e-05
        ]
      ],
      [
        [
          1.8753052017927985e-06,
          1.8742405245575355e-06,
          6.619148280151421e-06,
          6.462313649535645e-06
        ]
      ]
    ],
    "log_likelihood": [
      4.037121772766113
    ]
  },
  "output_devices": [
    "/job:localhost/replica:0/task:0/device:GPU:0"
  ],
  "output_shape": [
    1
  ],
  "particle_chunk_size": 16,
  "physical_gpus": [
    "PhysicalDevice(name='/physical_device:GPU:0', device_type='GPU')"
  ],
  "precision": {
    "active_dtype": "float32",
    "default_algorithm_target": "ledh_pfpf_ot_tf32",
    "default_dtype": "float32",
    "default_execution_target": "gpu",
    "default_target_status": "production_default_by_owner_directive",
    "default_tf32_mode": "enabled",
    "dtype": "float32",
    "fp64_reference_requires_explicit_dtype": true,
    "historical_module_path": "experiments/dpf_implementation",
    "precision_default_policy": "production_ledh_pfpf_ot_gpu_tf32",
    "public_api_exposure": "separately_gated",
    "scope": "production_ledh_pfpf_ot_gpu_tf32_default_lane",
    "tf32_execution_enabled": true,
    "tf32_mode": "enabled",
    "tf_dtype": "float32"
  },
  "proposal_mode": "callback",
  "python_version": "3.13.13",
  "repeats": 1,
  "return_history": true,
  "seed": 20260620,
  "shape": {
    "batch_size": 1,
    "num_particles": 32,
    "obs_dim": 4,
    "state_dim": 4,
    "time_steps": 5
  },
  "stores_full_pre_flow_particles": false,
  "tensorflow_version": "2.20.0",
  "timestamp_utc": "2026-06-20T06:35:58.513492+00:00",
  "transport": {
    "annealed_convergence_threshold": 0.001,
    "annealed_scaling": 0.9,
    "col_chunk_size": 16,
    "dense_transport_matrix_materialized": false,
    "gradient_mode": "raw",
    "plan_mode": "streaming",
    "row_chunk_size": 16,
    "sinkhorn_epsilon": 0.5,
    "sinkhorn_iterations": 2
  },
  "transport_policy": "active-odd",
  "warm_call_timing_summary_seconds": {
    "max": 0.016212651040405035,
    "mean": 0.016212651040405035,
    "median": 0.016212651040405035,
    "min": 0.016212651040405035
  },
  "warm_call_timings_seconds": [
    0.016212651040405035
  ],
  "warmstart_mode": "none",
  "warmups": 0
}
