{
  "compile_and_first_call_seconds": 9.825822681887075,
  "compiled_unit": "streaming_batched_ledh_pfpf_ot_lgssm_value",
  "cuda_visible_devices": "0",
  "device": "/GPU:0",
  "device_scope": "visible",
  "ess_by_time_preview": [
    31.863363922596257,
    31.776741685405877,
    31.99994726534697,
    31.999913264741043,
    31.999971717691274
  ],
  "expect_device_kind": "gpu",
  "filtered_means_preview": [
    0.006362952010105177,
    0.012673178315818694,
    0.03497139013862794,
    0.03080706536699991,
    0.016522894410849007,
    0.020477230379529702,
    0.03331974548883619,
    0.03180283504498845
  ],
  "filtered_variances_preview": [
    0.0015459206068448674,
    0.0015057195287203986,
    0.001484358116048449,
    0.0020365321359590367,
    0.00040934987030103506,
    0.0004192256639118182,
    0.0004415696029486732,
    0.0006402060216771415
  ],
  "finite_output": true,
  "gpu_memory_info_after": {
    "current": 6144,
    "peak": 75776
  },
  "gpu_memory_info_before": {
    "current": 5120,
    "peak": 5120
  },
  "history_shapes": {
    "ess_by_time": [
      5,
      1
    ],
    "filtered_means": [
      5,
      1,
      4
    ],
    "filtered_variances": [
      5,
      1,
      4
    ]
  },
  "host": "ubuntu-MZ72-HB2-00",
  "jit_compile": true,
  "log_likelihood_preview": [
    4.036977248584737
  ],
  "logical_gpus": [
    "LogicalDevice(name='/device:GPU:0', device_type='GPU')"
  ],
  "nonclaims": [
    "single synthetic LGSSM-shaped fixture only",
    "production/default target by owner directive",
    "no CPU/GPU ranking claim",
    "no posterior validity claim",
    "no active transport gradient validation claim",
    "no HMC readiness claim",
    "streaming removes dense transport storage but not all-pairs OT compute"
  ],
  "output_arrays": {
    "ess_by_time": [
      [
        31.863363922596257
      ],
      [
        31.776741685405877
      ],
      [
        31.99994726534697
      ],
      [
        31.999913264741043
      ],
      [
        31.999971717691274
      ]
    ],
    "filtered_means": [
      [
        [
          0.006362952010105177,
          0.012673178315818694,
          0.03497139013862794,
          0.03080706536699991
        ]
      ],
      [
        [
          0.016522894410849007,
          0.020477230379529702,
          0.03331974548883619,
          0.03180283504498845
        ]
      ],
      [
        [
          0.022255702381621674,
          0.02574122146316984,
          0.034237779425297515,
          0.03490857473293235
        ]
      ],
      [
        [
          0.02580883984080664,
          0.029693468174709043,
          0.03647701440954165,
          0.03898729340766984
        ]
      ],
      [
        [
          0.028232081928040345,
          0.03294902462357202,
          0.039412476936907456,
          0.04353699436669508
        ]
      ]
    ],
    "filtered_variances": [
      [
        [
          0.0015459206068448674,
          0.0015057195287203986,
          0.001484358116048449,
          0.0020365321359590367
        ]
      ],
      [
        [
          0.00040934987030103506,
          0.0004192256639118182,
          0.0004415696029486732,
          0.0006402060216771415
        ]
      ],
      [
        [
          1.2064821343794642e-05,
          1.4038599111854104e-05,
          2.7081812776327202e-05,
          3.9844431605303174e-05
        ]
      ],
      [
        [
          3.2050895663333952e-06,
          3.986230177943722e-06,
          8.166934337878892e-06,
          1.2607029667296919e-05
        ]
      ],
      [
        [
          1.8639169673809652e-06,
          1.860639250091972e-06,
          6.564023426479911e-06,
          6.422980732874859e-06
        ]
      ]
    ],
    "log_likelihood": [
      4.036977248584737
    ]
  },
  "output_devices": [
    "/job:localhost/replica:0/task:0/device:GPU:0"
  ],
  "output_shape": [
    1
  ],
  "particle_chunk_size": 16,
  "physical_gpus": [
    "PhysicalDevice(name='/physical_device:GPU:0', device_type='GPU')"
  ],
  "precision": {
    "active_dtype": "float64",
    "default_algorithm_target": "ledh_pfpf_ot_tf32",
    "default_dtype": "float32",
    "default_execution_target": "gpu",
    "default_target_status": "production_default_by_owner_directive",
    "default_tf32_mode": "enabled",
    "dtype": "float64",
    "fp64_reference_requires_explicit_dtype": true,
    "historical_module_path": "experiments/dpf_implementation",
    "precision_default_policy": "production_ledh_pfpf_ot_gpu_tf32",
    "public_api_exposure": "separately_gated",
    "scope": "production_ledh_pfpf_ot_gpu_tf32_default_lane",
    "tf32_execution_enabled": false,
    "tf32_mode": "disabled",
    "tf_dtype": "float64"
  },
  "proposal_mode": "callback",
  "python_version": "3.13.13",
  "repeats": 1,
  "return_history": true,
  "seed": 20260620,
  "shape": {
    "batch_size": 1,
    "num_particles": 32,
    "obs_dim": 4,
    "state_dim": 4,
    "time_steps": 5
  },
  "stores_full_pre_flow_particles": false,
  "tensorflow_version": "2.20.0",
  "timestamp_utc": "2026-06-20T06:35:31.466782+00:00",
  "transport": {
    "annealed_convergence_threshold": 0.001,
    "annealed_scaling": 0.9,
    "col_chunk_size": 16,
    "dense_transport_matrix_materialized": false,
    "gradient_mode": "raw",
    "plan_mode": "streaming",
    "row_chunk_size": 16,
    "sinkhorn_epsilon": 0.5,
    "sinkhorn_iterations": 2
  },
  "transport_policy": "active-odd",
  "warm_call_timing_summary_seconds": {
    "max": 0.021421320969238877,
    "mean": 0.021421320969238877,
    "median": 0.021421320969238877,
    "min": 0.021421320969238877
  },
  "warm_call_timings_seconds": [
    0.021421320969238877
  ],
  "warmstart_mode": "none",
  "warmups": 0
}
